customer_id,first_name,last_name,email,country,created_at
1,Michael,Wilson,michael.wilson.1@example.com,Netherlands,2024-04-09
2,Daniel,White,daniel.white.2@example.com,Germany,2024-02-14
3,Alex,Johnson,alex.johnson.3@example.com,Netherlands,2025-07-19
4,James,Jackson,james.jackson.4@example.com,Italy,2024-03-12
5,Lucas,Johnson,lucas.johnson.5@example.com,Germany,2026-05-25
6,Alex,Williams,alex.williams.6@example.com,Netherlands,2025-04-09
7,Sophie,Miller,sophie.miller.7@example.com,Belgium,2024-12-29
8,Michael,Thomas,michael.thomas.8@example.com,Italy,2025-10-12
9,Sophie,Taylor,sophie.taylor.9@example.com,Italy,2025-01-23
10,Thomas,Harris,thomas.harris.10@example.com,Italy,2026-02-25
11,Sarah,White,sarah.white.11@example.com,Belgium,2024-11-19
12,Michael,Martin,michael.martin.12@example.com,Italy,2025-08-03
13,Laura,Wilson,laura.wilson.13@example.com,Spain,2025-10-20
14,Daniel,Brown,daniel.brown.14@example.com,Belgium,2024-09-09
15,Marie,Thomas,marie.thomas.15@example.com,Italy,2025-02-12
16,David,Anderson,david.anderson.16@example.com,France,2025-05-20
17,Emma,Brown,emma.brown.17@example.com,Switzerland,2025-10-04
18,Michael,Wilson,michael.wilson.18@example.com,United Kingdom,2025-01-25
19,Nicolas,Williams,nicolas.williams.19@example.com,Germany,2025-07-20
20,Claire,White,claire.white.20@example.com,Netherlands,2024-09-30
21,Emma,Williams,emma.williams.21@example.com,United Kingdom,2025-03-21
22,John,Jackson,john.jackson.22@example.com,Spain,2026-01-06
23,Nicolas,Johnson,nicolas.johnson.23@example.com,Italy,2025-10-02
24,David,Miller,david.miller.24@example.com,France,2026-02-19
25,Thomas,Taylor,thomas.taylor.25@example.com,Netherlands,2024-01-20
26,Lucas,Martin,lucas.martin.26@example.com,Germany,2024-02-29
27,Michael,Jackson,michael.jackson.27@example.com,Spain,2025-05-12
28,David,Moore,david.moore.28@example.com,Spain,2025-05-01
29,Daniel,Anderson,daniel.anderson.29@example.com,Italy,2025-09-13
30,Claire,White,claire.white.30@example.com,Belgium,2026-01-17
31,Alex,Moore,alex.moore.31@example.com,United Kingdom,2025-10-27
32,Nicolas,Taylor,nicolas.taylor.32@example.com,Italy,2024-05-03
33,Michael,Miller,michael.miller.33@example.com,Italy,2024-01-22
34,Olivia,Smith,olivia.smith.34@example.com,France,2024-03-13
35,Olivia,Johnson,olivia.johnson.35@example.com,Germany,2024-02-02
36,Nicolas,Martin,nicolas.martin.36@example.com,Italy,2024-10-12
37,Claire,Brown,claire.brown.37@example.com,United Kingdom,2026-01-10
38,Olivia,White,olivia.white.38@example.com,Italy,2025-04-29
39,Emma,Johnson,emma.johnson.39@example.com,Netherlands,2025-11-05
40,Marie,Wilson,marie.wilson.40@example.com,Germany,2025-04-23
41,Sarah,Wilson,sarah.wilson.41@example.com,Germany,2026-01-15
42,Olivia,Martin,olivia.martin.42@example.com,United Kingdom,2024-07-13
43,David,Wilson,david.wilson.43@example.com,United Kingdom,2024-07-06
44,Olivia,Harris,olivia.harris.44@example.com,Germany,2024-03-18
45,Sarah,Moore,sarah.moore.45@example.com,Germany,2025-07-07
46,Olivia,Brown,olivia.brown.46@example.com,United Kingdom,2025-02-20
47,James,Harris,james.harris.47@example.com,Spain,2025-02-14
48,Alex,Smith,alex.smith.48@example.com,United Kingdom,2025-02-03
49,Lucas,Wilson,lucas.wilson.49@example.com,United Kingdom,2025-12-14
50,David,Martin,david.martin.50@example.com,France,2024-10-30
51,Claire,Smith,claire.smith.51@example.com,France,2026-02-04
52,Sarah,Thomas,sarah.thomas.52@example.com,Spain,2025-05-03
53,Sarah,Anderson,sarah.anderson.53@example.com,Germany,2024-03-23
54,Michael,Moore,michael.moore.54@example.com,Switzerland,2026-06-01
55,Emma,Thomas,emma.thomas.55@example.com,France,2024-09-09
56,Michael,Wilson,michael.wilson.56@example.com,Netherlands,2025-11-04
57,Daniel,Martin,daniel.martin.57@example.com,Italy,2025-11-16
58,Daniel,Wilson,daniel.wilson.58@example.com,Belgium,2024-05-14
59,Paul,Miller,paul.miller.59@example.com,France,2026-02-08
60,Paul,Thomas,paul.thomas.60@example.com,Germany,2025-07-30
61,Claire,Martin,claire.martin.61@example.com,Spain,2025-06-02
62,Anna,Johnson,anna.johnson.62@example.com,Belgium,2024-09-07
63,Sophie,Taylor,sophie.taylor.63@example.com,Belgium,2026-05-03
64,Nicolas,Smith,nicolas.smith.64@example.com,Belgium,2025-11-14
65,Emma,Brown,emma.brown.65@example.com,Germany,2024-09-27
66,Claire,Brown,claire.brown.66@example.com,Italy,2024-10-05
67,Thomas,Martin,thomas.martin.67@example.com,Belgium,2025-12-04
68,Nicolas,Taylor,nicolas.taylor.68@example.com,Germany,2024-09-14
69,Marie,Harris,marie.harris.69@example.com,France,2024-10-10
70,Thomas,White,thomas.white.70@example.com,Belgium,2024-05-13
71,Sophie,Jackson,sophie.jackson.71@example.com,Switzerland,2025-03-28
72,Claire,Smith,claire.smith.72@example.com,Spain,2024-04-24
73,Claire,Smith,claire.smith.73@example.com,Spain,2026-05-04
74,Marie,Brown,marie.brown.74@example.com,Netherlands,2024-02-12
75,Sarah,Miller,sarah.miller.75@example.com,Germany,2024-08-03
76,Anna,White,anna.white.76@example.com,Spain,2025-07-27
77,Olivia,Harris,olivia.harris.77@example.com,Switzerland,2024-06-15
78,John,Brown,john.brown.78@example.com,Switzerland,2026-01-24
79,Olivia,Williams,olivia.williams.79@example.com,Switzerland,2024-06-12
80,Sarah,Harris,sarah.harris.80@example.com,Italy,2025-04-26
81,Paul,Miller,paul.miller.81@example.com,Italy,2024-11-08
82,John,Moore,john.moore.82@example.com,Netherlands,2024-07-16
83,Daniel,Harris,daniel.harris.83@example.com,Netherlands,2024-03-12
84,Nicolas,Wilson,nicolas.wilson.84@example.com,Netherlands,2025-11-26
85,John,Johnson,john.johnson.85@example.com,Belgium,2024-09-24
86,Sarah,Johnson,sarah.johnson.86@example.com,Netherlands,2025-09-02
87,Thomas,Wilson,thomas.wilson.87@example.com,Germany,2025-09-12
88,Alex,Thomas,alex.thomas.88@example.com,France,2024-07-13
89,Marie,Smith,marie.smith.89@example.com,Italy,2025-06-16
90,Anna,Wilson,anna.wilson.90@example.com,Netherlands,2024-03-12
91,Emma,Jackson,emma.jackson.91@example.com,Belgium,2024-11-03
92,Marie,Miller,marie.miller.92@example.com,Spain,2025-02-16
93,James,Wilson,james.wilson.93@example.com,Spain,2025-11-11
94,Lucas,Wilson,lucas.wilson.94@example.com,Belgium,2025-07-15
95,Lucas,Martin,lucas.martin.95@example.com,Netherlands,2025-03-16
96,Paul,Taylor,paul.taylor.96@example.com,United Kingdom,2025-03-28
97,Sophie,Moore,sophie.moore.97@example.com,Netherlands,2024-03-27
98,Michael,Harris,michael.harris.98@example.com,Belgium,2026-02-08
99,Olivia,White,olivia.white.99@example.com,France,2024-07-22
100,Sarah,Martin,sarah.martin.100@example.com,Germany,2025-05-01
101,Paul,Wilson,paul.wilson.101@example.com,Italy,2025-10-06
102,Alex,Taylor,alex.taylor.102@example.com,Spain,2025-02-13
103,John,White,john.white.103@example.com,Switzerland,2026-05-31
104,Olivia,Brown,olivia.brown.104@example.com,United Kingdom,2026-04-03
105,Sarah,Anderson,sarah.anderson.105@example.com,United Kingdom,2024-09-12
106,David,White,david.white.106@example.com,Netherlands,2025-04-20
107,Paul,Thomas,paul.thomas.107@example.com,Switzerland,2026-04-14
108,Claire,Taylor,claire.taylor.108@example.com,United Kingdom,2024-06-11
109,Daniel,White,daniel.white.109@example.com,Belgium,2024-09-10
110,Nicolas,Taylor,nicolas.taylor.110@example.com,Belgium,2025-10-03
111,Paul,Johnson,paul.johnson.111@example.com,Italy,2025-12-31
112,Daniel,Miller,daniel.miller.112@example.com,Germany,2024-11-23
113,David,Brown,david.brown.113@example.com,Spain,2024-08-24
114,James,Johnson,james.johnson.114@example.com,Netherlands,2025-02-28
115,Claire,Taylor,claire.taylor.115@example.com,Italy,2025-03-01
116,Marie,Wilson,marie.wilson.116@example.com,France,2026-02-27
117,Alex,Taylor,alex.taylor.117@example.com,Belgium,2024-01-07
118,Alex,Harris,alex.harris.118@example.com,Italy,2026-05-05
119,Laura,Martin,laura.martin.119@example.com,United Kingdom,2024-10-06
120,John,Wilson,john.wilson.120@example.com,Spain,2024-12-10
121,Paul,Brown,paul.brown.121@example.com,France,2025-09-29
122,Alex,Thomas,alex.thomas.122@example.com,Germany,2025-07-31
123,Marie,Brown,marie.brown.123@example.com,France,2025-04-17
124,Daniel,Wilson,daniel.wilson.124@example.com,United Kingdom,2024-12-01
125,Thomas,Miller,thomas.miller.125@example.com,Belgium,2026-02-18
126,Marie,Williams,marie.williams.126@example.com,United Kingdom,2026-05-04
127,John,Jackson,john.jackson.127@example.com,Netherlands,2025-07-06
128,Olivia,Moore,olivia.moore.128@example.com,France,2024-03-11
129,John,Martin,john.martin.129@example.com,Spain,2024-07-23
130,Olivia,Brown,olivia.brown.130@example.com,Italy,2025-04-29
131,Paul,Jackson,paul.jackson.131@example.com,Spain,2024-09-19
132,Emma,White,emma.white.132@example.com,Belgium,2026-04-18
133,Emma,Thomas,emma.thomas.133@example.com,Switzerland,2024-01-27
134,Alex,Jackson,alex.jackson.134@example.com,Italy,2024-07-22
135,Emma,Jackson,emma.jackson.135@example.com,Germany,2026-03-02
136,Sarah,Miller,sarah.miller.136@example.com,Netherlands,2025-06-29
137,Michael,Anderson,michael.anderson.137@example.com,France,2025-10-25
138,Marie,Harris,marie.harris.138@example.com,Switzerland,2025-05-16
139,Anna,Moore,anna.moore.139@example.com,Spain,2026-04-28
140,Marie,Brown,marie.brown.140@example.com,Belgium,2026-01-21
141,Claire,White,claire.white.141@example.com,Switzerland,2025-05-10
142,Daniel,Miller,daniel.miller.142@example.com,Germany,2026-05-22
143,Daniel,Taylor,daniel.taylor.143@example.com,Switzerland,2024-09-06
144,Thomas,Smith,thomas.smith.144@example.com,Spain,2025-05-21
145,Laura,Martin,laura.martin.145@example.com,Netherlands,2024-12-29
146,Daniel,Thomas,daniel.thomas.146@example.com,France,2025-12-19
147,Nicolas,Martin,nicolas.martin.147@example.com,Switzerland,2024-03-28
148,Laura,Anderson,laura.anderson.148@example.com,United Kingdom,2026-02-15
149,Laura,Taylor,laura.taylor.149@example.com,Germany,2026-03-22
150,Lucas,Martin,lucas.martin.150@example.com,Belgium,2025-02-18
151,Anna,Taylor,anna.taylor.151@example.com,Netherlands,2025-07-20
152,Marie,Jackson,marie.jackson.152@example.com,Netherlands,2025-07-17
153,Paul,Williams,paul.williams.153@example.com,Italy,2024-11-09
154,Emma,Jackson,emma.jackson.154@example.com,Germany,2024-07-16
155,Claire,White,claire.white.155@example.com,Italy,2025-12-07
156,James,Jackson,james.jackson.156@example.com,Belgium,2025-05-10
157,Emma,Harris,emma.harris.157@example.com,Italy,2024-07-17
158,Anna,Brown,anna.brown.158@example.com,Spain,2024-11-05
159,Daniel,Smith,daniel.smith.159@example.com,Belgium,2024-02-25
160,David,Moore,david.moore.160@example.com,Germany,2026-02-09
161,John,Thomas,john.thomas.161@example.com,United Kingdom,2024-10-18
162,Paul,Miller,paul.miller.162@example.com,Belgium,2024-07-07
163,Laura,Johnson,laura.johnson.163@example.com,Switzerland,2026-04-21
164,Laura,Johnson,laura.johnson.164@example.com,France,2025-08-13
165,David,Brown,david.brown.165@example.com,Belgium,2026-04-10
166,Michael,Martin,michael.martin.166@example.com,Switzerland,2024-05-01
167,Olivia,White,olivia.white.167@example.com,United Kingdom,2025-06-19
168,Paul,Williams,paul.williams.168@example.com,Switzerland,2026-05-30
169,Lucas,Thomas,lucas.thomas.169@example.com,Germany,2025-09-27
170,James,Moore,james.moore.170@example.com,Germany,2024-08-04
171,Sophie,Martin,sophie.martin.171@example.com,Germany,2024-06-26
172,Sophie,Smith,sophie.smith.172@example.com,United Kingdom,2025-02-22
173,Lucas,Smith,lucas.smith.173@example.com,Belgium,2024-08-25
174,Paul,Johnson,paul.johnson.174@example.com,Belgium,2025-12-04
175,James,Wilson,james.wilson.175@example.com,Italy,2024-04-27
176,David,Williams,david.williams.176@example.com,Germany,2026-04-26
177,Sarah,Brown,sarah.brown.177@example.com,Belgium,2026-03-22
178,Paul,Johnson,paul.johnson.178@example.com,Switzerland,2025-04-24
179,Daniel,Anderson,daniel.anderson.179@example.com,United Kingdom,2025-07-06
180,Michael,Thomas,michael.thomas.180@example.com,Netherlands,2024-02-10
181,Daniel,Smith,daniel.smith.181@example.com,France,2024-04-03
182,Daniel,Thomas,daniel.thomas.182@example.com,United Kingdom,2024-02-11
183,Nicolas,Moore,nicolas.moore.183@example.com,Spain,2025-03-28
184,Marie,Moore,marie.moore.184@example.com,Germany,2026-04-13
185,Laura,Miller,laura.miller.185@example.com,Netherlands,2025-02-22
186,Emma,Harris,emma.harris.186@example.com,Switzerland,2024-06-13
187,Laura,Williams,laura.williams.187@example.com,France,2025-11-09
188,Paul,Johnson,paul.johnson.188@example.com,Netherlands,2024-11-18
189,Emma,White,emma.white.189@example.com,France,2025-02-17
190,Claire,Taylor,claire.taylor.190@example.com,Italy,2025-02-27
191,Nicolas,Miller,nicolas.miller.191@example.com,United Kingdom,2025-09-29
192,Sarah,Martin,sarah.martin.192@example.com,Spain,2024-09-30
193,Lucas,Taylor,lucas.taylor.193@example.com,Germany,2025-12-16
194,John,Moore,john.moore.194@example.com,Spain,2025-09-15
195,Lucas,Anderson,lucas.anderson.195@example.com,Switzerland,2024-01-15
196,Michael,Martin,michael.martin.196@example.com,United Kingdom,2026-05-11
197,Emma,Moore,emma.moore.197@example.com,United Kingdom,2026-05-02
198,Lucas,Anderson,lucas.anderson.198@example.com,Switzerland,2025-12-23
199,Laura,Taylor,laura.taylor.199@example.com,Spain,2024-09-06
200,Alex,Martin,alex.martin.200@example.com,Spain,2025-09-05
201,Michael,Williams,michael.williams.201@example.com,Netherlands,2026-03-02
202,Nicolas,Williams,nicolas.williams.202@example.com,Belgium,2026-04-20
203,Lucas,Harris,lucas.harris.203@example.com,United Kingdom,2025-08-24
204,David,Taylor,david.taylor.204@example.com,Netherlands,2025-07-05
205,Thomas,Anderson,thomas.anderson.205@example.com,Switzerland,2026-02-20
206,Paul,Miller,paul.miller.206@example.com,Switzerland,2024-07-12
207,Olivia,Harris,olivia.harris.207@example.com,France,2026-03-05
208,Thomas,Jackson,thomas.jackson.208@example.com,Switzerland,2025-04-29
209,David,Taylor,david.taylor.209@example.com,Netherlands,2024-02-07
210,Emma,Harris,emma.harris.210@example.com,Germany,2026-05-15
211,Nicolas,Taylor,nicolas.taylor.211@example.com,Switzerland,2024-01-16
212,David,Johnson,david.johnson.212@example.com,Netherlands,2025-04-25
213,Alex,Moore,alex.moore.213@example.com,Switzerland,2024-03-23
214,Thomas,Moore,thomas.moore.214@example.com,France,2026-01-05
215,Michael,Martin,michael.martin.215@example.com,Italy,2025-10-08
216,Michael,Wilson,michael.wilson.216@example.com,Germany,2024-04-10
217,Paul,Brown,paul.brown.217@example.com,France,2025-12-11
218,Sarah,Miller,sarah.miller.218@example.com,Belgium,2026-03-26
219,Anna,Miller,anna.miller.219@example.com,Italy,2025-03-17
220,Nicolas,Wilson,nicolas.wilson.220@example.com,Spain,2025-08-02
221,Sophie,Johnson,sophie.johnson.221@example.com,Italy,2025-09-16
222,Laura,Thomas,laura.thomas.222@example.com,United Kingdom,2024-05-26
223,Daniel,Taylor,daniel.taylor.223@example.com,United Kingdom,2024-09-18
224,Lucas,Moore,lucas.moore.224@example.com,Germany,2025-07-13
225,Paul,Miller,paul.miller.225@example.com,Switzerland,2025-08-24
226,Daniel,Taylor,daniel.taylor.226@example.com,Italy,2026-05-15
227,Alex,Harris,alex.harris.227@example.com,Italy,2025-05-09
228,Alex,Thomas,alex.thomas.228@example.com,Belgium,2025-01-02
229,Lucas,Smith,lucas.smith.229@example.com,Switzerland,2026-04-29
230,Daniel,Smith,daniel.smith.230@example.com,United Kingdom,2025-08-02
231,Lucas,White,lucas.white.231@example.com,Netherlands,2026-03-29
232,Olivia,Moore,olivia.moore.232@example.com,Belgium,2024-07-13
233,David,Moore,david.moore.233@example.com,France,2024-04-09
234,Lucas,White,lucas.white.234@example.com,Netherlands,2025-03-27
235,David,Johnson,david.johnson.235@example.com,Switzerland,2024-10-29
236,Sophie,Martin,sophie.martin.236@example.com,Netherlands,2024-05-15
237,Nicolas,Anderson,nicolas.anderson.237@example.com,Belgium,2024-10-06
238,Laura,White,laura.white.238@example.com,Germany,2024-10-29
239,Paul,Johnson,paul.johnson.239@example.com,Switzerland,2024-05-24
240,Claire,Miller,claire.miller.240@example.com,France,2024-04-02
241,Daniel,Anderson,daniel.anderson.241@example.com,Netherlands,2024-05-06
242,Daniel,Thomas,daniel.thomas.242@example.com,Netherlands,2025-01-25
243,Emma,Moore,emma.moore.243@example.com,France,2024-08-27
244,Claire,Miller,claire.miller.244@example.com,Germany,2025-09-16
245,Paul,Jackson,paul.jackson.245@example.com,Switzerland,2024-11-05
246,Emma,Brown,emma.brown.246@example.com,Belgium,2024-02-16
247,Laura,Johnson,laura.johnson.247@example.com,Spain,2024-04-09
248,Alex,Taylor,alex.taylor.248@example.com,Switzerland,2025-01-14
249,David,Wilson,david.wilson.249@example.com,United Kingdom,2025-11-01
250,Marie,Williams,marie.williams.250@example.com,Italy,2024-02-03
251,Paul,Taylor,paul.taylor.251@example.com,Germany,2024-08-29
252,Anna,Anderson,anna.anderson.252@example.com,France,2025-10-22
253,Alex,Williams,alex.williams.253@example.com,United Kingdom,2024-07-13
254,Michael,Moore,michael.moore.254@example.com,France,2024-08-05
255,Sarah,White,sarah.white.255@example.com,Spain,2024-12-07
256,James,Johnson,james.johnson.256@example.com,Italy,2026-04-29
257,James,Harris,james.harris.257@example.com,Spain,2024-08-26
258,John,Williams,john.williams.258@example.com,Spain,2026-05-29
259,Claire,Williams,claire.williams.259@example.com,Germany,2026-03-28
260,John,Brown,john.brown.260@example.com,Italy,2024-01-16
261,Thomas,Smith,thomas.smith.261@example.com,France,2024-06-27
262,David,Jackson,david.jackson.262@example.com,Germany,2025-03-07
263,Michael,Taylor,michael.taylor.263@example.com,Germany,2025-04-04
264,Paul,Anderson,paul.anderson.264@example.com,France,2024-08-14
265,Nicolas,Williams,nicolas.williams.265@example.com,France,2025-04-14
266,Sarah,Taylor,sarah.taylor.266@example.com,Switzerland,2026-05-17
267,Emma,Taylor,emma.taylor.267@example.com,Germany,2025-12-30
268,Michael,Miller,michael.miller.268@example.com,Germany,2025-09-14
269,David,Williams,david.williams.269@example.com,Netherlands,2025-10-01
270,Alex,Thomas,alex.thomas.270@example.com,United Kingdom,2025-06-27
271,Nicolas,Thomas,nicolas.thomas.271@example.com,Germany,2025-03-16
272,Claire,Jackson,claire.jackson.272@example.com,United Kingdom,2024-08-08
273,Olivia,Wilson,olivia.wilson.273@example.com,Switzerland,2024-12-13
274,Marie,Jackson,marie.jackson.274@example.com,Switzerland,2024-04-07
275,Thomas,Moore,thomas.moore.275@example.com,Spain,2024-09-18
276,Laura,Johnson,laura.johnson.276@example.com,Germany,2024-04-03
277,Marie,Johnson,marie.johnson.277@example.com,Spain,2026-02-01
278,Claire,Smith,claire.smith.278@example.com,Netherlands,2025-08-23
279,Emma,Wilson,emma.wilson.279@example.com,France,2024-12-28
280,Lucas,Thomas,lucas.thomas.280@example.com,Germany,2024-11-15
281,Nicolas,Martin,nicolas.martin.281@example.com,United Kingdom,2024-06-07
282,Olivia,Harris,olivia.harris.282@example.com,Netherlands,2024-04-20
283,Emma,White,emma.white.283@example.com,Italy,2024-10-12
284,Marie,Harris,marie.harris.284@example.com,France,2025-07-28
285,Daniel,Smith,daniel.smith.285@example.com,Belgium,2024-07-03
286,Thomas,Miller,thomas.miller.286@example.com,Spain,2024-01-07
287,Alex,Johnson,alex.johnson.287@example.com,France,2024-05-25
288,Michael,Jackson,michael.jackson.288@example.com,Switzerland,2025-06-27
289,Marie,Taylor,marie.taylor.289@example.com,Netherlands,2024-12-15
290,Lucas,Jackson,lucas.jackson.290@example.com,Germany,2024-11-28
291,Sarah,Brown,sarah.brown.291@example.com,France,2024-06-10
292,Michael,Williams,michael.williams.292@example.com,United Kingdom,2025-03-29
293,Paul,Wilson,paul.wilson.293@example.com,Germany,2024-10-06
294,Anna,Wilson,anna.wilson.294@example.com,United Kingdom,2024-04-23
295,Nicolas,Moore,nicolas.moore.295@example.com,Italy,2024-11-11
296,Alex,Thomas,alex.thomas.296@example.com,Italy,2024-02-26
297,Lucas,Martin,lucas.martin.297@example.com,Belgium,2026-02-24
298,Lucas,Miller,lucas.miller.298@example.com,United Kingdom,2024-05-02
299,Marie,Brown,marie.brown.299@example.com,Italy,2024-05-12
300,Nicolas,Anderson,nicolas.anderson.300@example.com,Germany,2026-05-03
301,Alex,Harris,alex.harris.301@example.com,Switzerland,2026-01-29
302,John,Taylor,john.taylor.302@example.com,Switzerland,2024-03-20
303,Alex,Jackson,alex.jackson.303@example.com,Belgium,2025-10-17
304,Emma,Wilson,emma.wilson.304@example.com,Spain,2024-01-22
305,Paul,Harris,paul.harris.305@example.com,Germany,2025-12-07
306,Marie,Harris,marie.harris.306@example.com,Switzerland,2024-04-18
307,Alex,Anderson,alex.anderson.307@example.com,Belgium,2024-03-21
308,Thomas,Martin,thomas.martin.308@example.com,Germany,2024-12-07
309,Nicolas,Moore,nicolas.moore.309@example.com,Italy,2024-04-26
310,Anna,Miller,anna.miller.310@example.com,Spain,2026-01-14
311,Olivia,Johnson,olivia.johnson.311@example.com,Italy,2024-05-29
312,Sophie,Thomas,sophie.thomas.312@example.com,Germany,2024-06-05
313,Sophie,White,sophie.white.313@example.com,United Kingdom,2025-10-05
314,Paul,Moore,paul.moore.314@example.com,Netherlands,2025-08-01
315,Thomas,Brown,thomas.brown.315@example.com,United Kingdom,2025-03-26
316,Paul,Moore,paul.moore.316@example.com,France,2024-11-06
317,Anna,Anderson,anna.anderson.317@example.com,United Kingdom,2024-03-16
318,Paul,Smith,paul.smith.318@example.com,Belgium,2024-02-28
319,Michael,Moore,michael.moore.319@example.com,Switzerland,2026-05-25
320,Paul,Thomas,paul.thomas.320@example.com,United Kingdom,2025-07-21
321,James,Miller,james.miller.321@example.com,Spain,2025-09-11
322,Sarah,Taylor,sarah.taylor.322@example.com,Germany,2024-04-15
323,Nicolas,Moore,nicolas.moore.323@example.com,Italy,2024-06-25
324,Paul,Taylor,paul.taylor.324@example.com,Spain,2025-06-20
325,Anna,Miller,anna.miller.325@example.com,Switzerland,2024-10-16
326,Thomas,Moore,thomas.moore.326@example.com,Netherlands,2025-09-04
327,Michael,Miller,michael.miller.327@example.com,Switzerland,2024-04-06
328,Lucas,Williams,lucas.williams.328@example.com,Spain,2026-01-11
329,Thomas,Johnson,thomas.johnson.329@example.com,Netherlands,2025-08-19
330,Lucas,Moore,lucas.moore.330@example.com,Spain,2025-12-16
331,Michael,Williams,michael.williams.331@example.com,Netherlands,2025-07-26
332,David,Moore,david.moore.332@example.com,Germany,2025-12-20
333,Marie,Anderson,marie.anderson.333@example.com,Netherlands,2025-01-05
334,Lucas,Brown,lucas.brown.334@example.com,United Kingdom,2024-08-07
335,James,Martin,james.martin.335@example.com,Germany,2024-05-20
336,Lucas,Harris,lucas.harris.336@example.com,France,2026-03-18
337,Thomas,White,thomas.white.337@example.com,Switzerland,2025-09-24
338,David,Brown,david.brown.338@example.com,Spain,2024-07-04
339,Paul,Smith,paul.smith.339@example.com,Italy,2025-02-24
340,Paul,Thomas,paul.thomas.340@example.com,Italy,2024-10-18
341,Claire,Martin,claire.martin.341@example.com,Italy,2024-11-12
342,Anna,Moore,anna.moore.342@example.com,United Kingdom,2025-08-07
343,Lucas,White,lucas.white.343@example.com,Switzerland,2025-01-26
344,Sophie,Harris,sophie.harris.344@example.com,Spain,2024-07-23
345,Daniel,Smith,daniel.smith.345@example.com,Netherlands,2025-10-18
346,Claire,Johnson,claire.johnson.346@example.com,Germany,2025-12-29
347,Lucas,Johnson,lucas.johnson.347@example.com,Belgium,2026-02-20
348,Paul,Anderson,paul.anderson.348@example.com,Germany,2024-05-30
349,Olivia,Harris,olivia.harris.349@example.com,France,2025-04-06
350,Marie,Smith,marie.smith.350@example.com,Netherlands,2025-02-09
351,Olivia,Wilson,olivia.wilson.351@example.com,Italy,2024-03-24
352,John,Miller,john.miller.352@example.com,Netherlands,2024-04-11
353,David,Brown,david.brown.353@example.com,United Kingdom,2024-02-09
354,David,White,david.white.354@example.com,United Kingdom,2025-12-23
355,John,Johnson,john.johnson.355@example.com,Italy,2024-01-20
356,David,Anderson,david.anderson.356@example.com,Switzerland,2026-01-14
357,Emma,White,emma.white.357@example.com,Belgium,2024-10-22
358,Emma,Smith,emma.smith.358@example.com,United Kingdom,2024-09-01
359,Michael,Johnson,michael.johnson.359@example.com,France,2026-05-06
360,Nicolas,Thomas,nicolas.thomas.360@example.com,Belgium,2024-09-04
361,Marie,Smith,marie.smith.361@example.com,Italy,2025-09-21
362,Marie,Brown,marie.brown.362@example.com,Netherlands,2025-11-11
363,Michael,Anderson,michael.anderson.363@example.com,France,2025-07-11
364,Alex,Harris,alex.harris.364@example.com,Switzerland,2025-04-26
365,Anna,Williams,anna.williams.365@example.com,Netherlands,2026-02-04
366,Michael,Miller,michael.miller.366@example.com,Germany,2024-09-03
367,Thomas,Brown,thomas.brown.367@example.com,Netherlands,2024-02-15
368,Sophie,Harris,sophie.harris.368@example.com,United Kingdom,2026-03-08
369,Sophie,White,sophie.white.369@example.com,United Kingdom,2024-05-18
370,Sarah,Williams,sarah.williams.370@example.com,Italy,2024-07-25
371,Sarah,Miller,sarah.miller.371@example.com,Switzerland,2024-11-13
372,Claire,Taylor,claire.taylor.372@example.com,Italy,2024-09-16
373,Lucas,Miller,lucas.miller.373@example.com,Netherlands,2026-06-01
374,Daniel,Johnson,daniel.johnson.374@example.com,Switzerland,2026-03-29
375,Alex,Jackson,alex.jackson.375@example.com,Netherlands,2025-03-26
376,Sophie,Taylor,sophie.taylor.376@example.com,Netherlands,2025-12-09
377,Nicolas,Williams,nicolas.williams.377@example.com,Switzerland,2026-03-31
378,Michael,Wilson,michael.wilson.378@example.com,Belgium,2025-09-08
379,Thomas,Johnson,thomas.johnson.379@example.com,Belgium,2024-03-22
380,Lucas,Taylor,lucas.taylor.380@example.com,Spain,2025-09-09
381,Paul,Miller,paul.miller.381@example.com,Netherlands,2025-04-02
382,Marie,Williams,marie.williams.382@example.com,Germany,2025-10-16
383,Alex,Miller,alex.miller.383@example.com,France,2025-06-09
384,David,Harris,david.harris.384@example.com,France,2025-09-14
385,David,Johnson,david.johnson.385@example.com,Netherlands,2024-08-29
386,Anna,Wilson,anna.wilson.386@example.com,Spain,2025-08-03
387,Paul,Miller,paul.miller.387@example.com,Germany,2025-01-15
388,David,Anderson,david.anderson.388@example.com,Netherlands,2025-01-10
389,Daniel,Martin,daniel.martin.389@example.com,Spain,2024-04-26
390,Laura,Anderson,laura.anderson.390@example.com,Germany,2025-01-31
391,Daniel,White,daniel.white.391@example.com,Italy,2024-09-23
392,Lucas,Jackson,lucas.jackson.392@example.com,Germany,2025-05-17
393,David,Harris,david.harris.393@example.com,Spain,2024-03-16
394,Paul,Johnson,paul.johnson.394@example.com,Netherlands,2026-04-09
395,Michael,Anderson,michael.anderson.395@example.com,Belgium,2025-07-09
396,Sophie,Jackson,sophie.jackson.396@example.com,Spain,2025-12-27
397,Anna,Anderson,anna.anderson.397@example.com,Italy,2024-08-17
398,David,Martin,david.martin.398@example.com,France,2026-03-20
399,Anna,Anderson,anna.anderson.399@example.com,United Kingdom,2025-08-09
400,Claire,Brown,claire.brown.400@example.com,Germany,2025-09-18
401,Lucas,Wilson,lucas.wilson.401@example.com,Switzerland,2026-01-04
402,Marie,Harris,marie.harris.402@example.com,Spain,2025-08-11
403,Thomas,Moore,thomas.moore.403@example.com,United Kingdom,2024-03-16
404,Nicolas,Miller,nicolas.miller.404@example.com,Spain,2024-05-11
405,David,Wilson,david.wilson.405@example.com,Germany,2025-05-29
406,Nicolas,Brown,nicolas.brown.406@example.com,Spain,2024-11-07
407,Thomas,Jackson,thomas.jackson.407@example.com,Belgium,2024-08-18
408,Michael,Williams,michael.williams.408@example.com,Belgium,2024-07-20
409,David,Moore,david.moore.409@example.com,Germany,2024-11-06
410,Nicolas,Moore,nicolas.moore.410@example.com,Spain,2024-06-21
411,Sophie,Moore,sophie.moore.411@example.com,Netherlands,2025-10-01
412,Sarah,Harris,sarah.harris.412@example.com,France,2024-01-30
413,Daniel,Moore,daniel.moore.413@example.com,Switzerland,2024-08-03
414,John,Taylor,john.taylor.414@example.com,Belgium,2025-10-04
415,Lucas,Taylor,lucas.taylor.415@example.com,Belgium,2024-09-07
416,Paul,Johnson,paul.johnson.416@example.com,Spain,2025-12-06
417,Paul,Wilson,paul.wilson.417@example.com,Italy,2025-05-10
418,Thomas,Thomas,thomas.thomas.418@example.com,Netherlands,2024-05-27
419,Anna,Wilson,anna.wilson.419@example.com,Germany,2024-05-13
420,Thomas,Martin,thomas.martin.420@example.com,Belgium,2025-04-22
421,Paul,Martin,paul.martin.421@example.com,France,2024-05-24
422,Lucas,Wilson,lucas.wilson.422@example.com,Italy,2025-09-22
423,Sophie,Harris,sophie.harris.423@example.com,Netherlands,2024-12-01
424,James,White,james.white.424@example.com,United Kingdom,2024-06-12
425,Laura,Williams,laura.williams.425@example.com,Germany,2025-05-24
426,Alex,Anderson,alex.anderson.426@example.com,Italy,2025-04-13
427,Anna,Smith,anna.smith.427@example.com,United Kingdom,2024-02-21
428,Laura,Williams,laura.williams.428@example.com,Germany,2025-07-03
429,Marie,Brown,marie.brown.429@example.com,Switzerland,2024-09-27
430,Anna,Smith,anna.smith.430@example.com,Italy,2025-02-14
431,Anna,Anderson,anna.anderson.431@example.com,Switzerland,2024-10-22
432,Nicolas,Taylor,nicolas.taylor.432@example.com,Belgium,2026-02-21
433,Emma,Brown,emma.brown.433@example.com,Netherlands,2024-04-09
434,Thomas,Anderson,thomas.anderson.434@example.com,Italy,2025-01-09
435,Nicolas,Wilson,nicolas.wilson.435@example.com,France,2025-05-27
436,Sarah,Brown,sarah.brown.436@example.com,United Kingdom,2025-12-31
437,Nicolas,Taylor,nicolas.taylor.437@example.com,Spain,2024-06-01
438,Thomas,Thomas,thomas.thomas.438@example.com,Switzerland,2024-11-22
439,Lucas,Thomas,lucas.thomas.439@example.com,United Kingdom,2024-12-10
440,Lucas,Taylor,lucas.taylor.440@example.com,Netherlands,2026-04-15
441,Thomas,Moore,thomas.moore.441@example.com,Belgium,2024-04-22
442,John,Thomas,john.thomas.442@example.com,Italy,2025-04-30
443,Sarah,Thomas,sarah.thomas.443@example.com,Switzerland,2025-05-06
444,David,Harris,david.harris.444@example.com,France,2025-11-28
445,Emma,Martin,emma.martin.445@example.com,Netherlands,2024-01-20
446,Marie,Brown,marie.brown.446@example.com,Switzerland,2025-02-26
447,Nicolas,White,nicolas.white.447@example.com,France,2025-09-18
448,David,Anderson,david.anderson.448@example.com,Netherlands,2024-07-31
449,Laura,Anderson,laura.anderson.449@example.com,Spain,2025-01-20
450,Paul,Anderson,paul.anderson.450@example.com,Netherlands,2024-12-16
451,Daniel,Thomas,daniel.thomas.451@example.com,Italy,2025-05-10
452,Daniel,Anderson,daniel.anderson.452@example.com,Belgium,2024-11-01
453,Lucas,Jackson,lucas.jackson.453@example.com,Netherlands,2024-07-31
454,Laura,Miller,laura.miller.454@example.com,Belgium,2025-07-27
455,Emma,Thomas,emma.thomas.455@example.com,Switzerland,2025-11-23
456,Alex,Harris,alex.harris.456@example.com,Belgium,2024-12-19
457,Sarah,Williams,sarah.williams.457@example.com,Netherlands,2026-01-01
458,Paul,Moore,paul.moore.458@example.com,Italy,2024-09-19
459,James,Harris,james.harris.459@example.com,Belgium,2025-07-05
460,David,Johnson,david.johnson.460@example.com,Italy,2025-09-22
461,Olivia,Smith,olivia.smith.461@example.com,Italy,2025-11-16
462,Olivia,Smith,olivia.smith.462@example.com,Netherlands,2024-04-12
463,Laura,Johnson,laura.johnson.463@example.com,France,2025-11-28
464,Claire,Brown,claire.brown.464@example.com,United Kingdom,2025-02-20
465,Laura,Moore,laura.moore.465@example.com,Netherlands,2024-07-23
466,Lucas,Moore,lucas.moore.466@example.com,Italy,2024-03-01
467,Claire,Jackson,claire.jackson.467@example.com,Spain,2026-01-10
468,Marie,Harris,marie.harris.468@example.com,Switzerland,2024-06-29
469,Laura,Brown,laura.brown.469@example.com,France,2026-02-05
470,John,Williams,john.williams.470@example.com,Germany,2025-08-04
471,Thomas,Williams,thomas.williams.471@example.com,United Kingdom,2025-04-10
472,David,Harris,david.harris.472@example.com,Belgium,2025-05-31
473,James,White,james.white.473@example.com,Spain,2024-04-25
474,Paul,Moore,paul.moore.474@example.com,France,2024-09-20
475,Thomas,White,thomas.white.475@example.com,Italy,2024-10-29
476,Sophie,Thomas,sophie.thomas.476@example.com,Switzerland,2026-05-26
477,Marie,Anderson,marie.anderson.477@example.com,Switzerland,2024-12-01
478,Emma,Brown,emma.brown.478@example.com,Netherlands,2024-05-23
479,Olivia,Smith,olivia.smith.479@example.com,Italy,2024-09-24
480,Paul,White,paul.white.480@example.com,Belgium,2024-09-30
481,John,Williams,john.williams.481@example.com,Italy,2025-10-31
482,Sarah,Moore,sarah.moore.482@example.com,Belgium,2024-05-01
483,Sophie,Wilson,sophie.wilson.483@example.com,Belgium,2025-12-03
484,Emma,Moore,emma.moore.484@example.com,Italy,2024-10-29
485,Olivia,Brown,olivia.brown.485@example.com,United Kingdom,2025-05-04
486,Anna,Wilson,anna.wilson.486@example.com,United Kingdom,2025-12-19
487,Claire,White,claire.white.487@example.com,Italy,2025-11-11
488,Michael,Anderson,michael.anderson.488@example.com,Netherlands,2025-04-02
489,Michael,Thomas,michael.thomas.489@example.com,Italy,2024-04-24
490,Claire,Brown,claire.brown.490@example.com,United Kingdom,2024-06-17
491,Emma,Moore,emma.moore.491@example.com,United Kingdom,2024-07-29
492,Michael,Anderson,michael.anderson.492@example.com,United Kingdom,2025-04-01
493,David,Anderson,david.anderson.493@example.com,France,2025-03-01
494,Claire,Taylor,claire.taylor.494@example.com,France,2025-11-19
495,Alex,Williams,alex.williams.495@example.com,Italy,2026-04-16
496,Michael,Smith,michael.smith.496@example.com,Germany,2025-03-09
497,Claire,Smith,claire.smith.497@example.com,France,2024-03-11
498,Lucas,Wilson,lucas.wilson.498@example.com,Switzerland,2024-07-03
499,Anna,Wilson,anna.wilson.499@example.com,Switzerland,2025-04-04
500,Michael,Moore,michael.moore.500@example.com,Spain,2025-11-08
501,Anna,Johnson,anna.johnson.501@example.com,Switzerland,2024-07-01
502,Nicolas,Brown,nicolas.brown.502@example.com,France,2026-01-15
503,John,Williams,john.williams.503@example.com,Switzerland,2025-04-19
504,Claire,Wilson,claire.wilson.504@example.com,Italy,2026-04-23
505,Paul,Miller,paul.miller.505@example.com,Italy,2024-06-07
506,Emma,Smith,emma.smith.506@example.com,France,2026-04-08
507,Olivia,Martin,olivia.martin.507@example.com,France,2024-03-09
508,Paul,Thomas,paul.thomas.508@example.com,Italy,2025-11-19
509,Sarah,Wilson,sarah.wilson.509@example.com,Italy,2025-03-25
510,Sarah,Brown,sarah.brown.510@example.com,Italy,2025-05-30
511,Thomas,Thomas,thomas.thomas.511@example.com,Italy,2025-09-04
512,Lucas,Brown,lucas.brown.512@example.com,Italy,2025-11-07
513,Marie,Williams,marie.williams.513@example.com,Spain,2024-10-08
514,Marie,Anderson,marie.anderson.514@example.com,Netherlands,2025-05-22
515,Alex,White,alex.white.515@example.com,Switzerland,2025-06-21
516,Marie,Brown,marie.brown.516@example.com,Spain,2024-11-03
517,Claire,Taylor,claire.taylor.517@example.com,Belgium,2024-09-03
518,David,White,david.white.518@example.com,Switzerland,2025-04-19
519,Marie,Anderson,marie.anderson.519@example.com,Switzerland,2025-06-26
520,Olivia,Williams,olivia.williams.520@example.com,Germany,2024-07-27
521,Paul,Harris,paul.harris.521@example.com,Italy,2025-01-14
522,Sarah,Williams,sarah.williams.522@example.com,France,2025-01-21
523,Michael,Martin,michael.martin.523@example.com,Italy,2026-04-03
524,Laura,Martin,laura.martin.524@example.com,France,2024-12-06
525,James,Martin,james.martin.525@example.com,United Kingdom,2026-01-29
526,Olivia,Jackson,olivia.jackson.526@example.com,Switzerland,2025-09-10
527,Olivia,Anderson,olivia.anderson.527@example.com,Switzerland,2024-11-25
528,Paul,Anderson,paul.anderson.528@example.com,Belgium,2025-10-26
529,Daniel,Miller,daniel.miller.529@example.com,United Kingdom,2025-06-09
530,Emma,White,emma.white.530@example.com,Netherlands,2026-01-09
531,James,Miller,james.miller.531@example.com,France,2024-11-16
532,Olivia,Jackson,olivia.jackson.532@example.com,Belgium,2024-05-29
533,Claire,Thomas,claire.thomas.533@example.com,Belgium,2025-08-16
534,David,Martin,david.martin.534@example.com,Switzerland,2024-12-03
535,Olivia,Taylor,olivia.taylor.535@example.com,Netherlands,2025-07-17
536,Daniel,White,daniel.white.536@example.com,United Kingdom,2026-04-21
537,Paul,Brown,paul.brown.537@example.com,Spain,2026-01-20
538,David,Jackson,david.jackson.538@example.com,Spain,2025-07-13
539,Claire,Moore,claire.moore.539@example.com,France,2024-03-01
540,Michael,Harris,michael.harris.540@example.com,France,2025-11-15
541,Marie,Brown,marie.brown.541@example.com,Italy,2026-05-12
542,Michael,Jackson,michael.jackson.542@example.com,Italy,2024-06-03
543,Nicolas,Taylor,nicolas.taylor.543@example.com,United Kingdom,2025-01-17
544,Laura,Smith,laura.smith.544@example.com,Switzerland,2024-01-07
545,John,Smith,john.smith.545@example.com,Belgium,2025-06-26
546,John,Anderson,john.anderson.546@example.com,Spain,2026-04-12
547,Emma,Johnson,emma.johnson.547@example.com,Italy,2025-06-20
548,James,Thomas,james.thomas.548@example.com,Netherlands,2025-06-23
549,Daniel,White,daniel.white.549@example.com,Netherlands,2025-02-10
550,Alex,Taylor,alex.taylor.550@example.com,Italy,2025-08-01
551,Lucas,Moore,lucas.moore.551@example.com,France,2026-04-27
552,Michael,Wilson,michael.wilson.552@example.com,United Kingdom,2025-01-23
553,Sarah,Moore,sarah.moore.553@example.com,Germany,2024-01-10
554,Laura,Harris,laura.harris.554@example.com,Netherlands,2025-03-20
555,Emma,Anderson,emma.anderson.555@example.com,Italy,2024-02-13
556,Laura,Williams,laura.williams.556@example.com,Belgium,2024-02-17
557,Claire,Thomas,claire.thomas.557@example.com,Spain,2025-11-04
558,Thomas,Smith,thomas.smith.558@example.com,Spain,2024-07-31
559,Alex,Johnson,alex.johnson.559@example.com,Italy,2024-11-02
560,Alex,Moore,alex.moore.560@example.com,Switzerland,2025-07-07
561,David,White,david.white.561@example.com,Netherlands,2025-12-06
562,Sarah,Johnson,sarah.johnson.562@example.com,Germany,2025-03-23
563,Thomas,Thomas,thomas.thomas.563@example.com,Switzerland,2026-02-26
564,Thomas,Smith,thomas.smith.564@example.com,United Kingdom,2025-10-11
565,Laura,Martin,laura.martin.565@example.com,Switzerland,2024-12-30
566,Marie,Brown,marie.brown.566@example.com,Switzerland,2025-11-27
567,Michael,White,michael.white.567@example.com,Italy,2025-09-25
568,Michael,Johnson,michael.johnson.568@example.com,Switzerland,2024-10-01
569,David,Jackson,david.jackson.569@example.com,Netherlands,2025-02-02
570,Emma,Johnson,emma.johnson.570@example.com,United Kingdom,2024-01-06
571,Anna,White,anna.white.571@example.com,Spain,2024-10-03
572,Michael,Brown,michael.brown.572@example.com,Switzerland,2025-03-17
573,Emma,Smith,emma.smith.573@example.com,Germany,2024-04-01
574,Thomas,Harris,thomas.harris.574@example.com,Belgium,2025-01-29
575,Marie,Wilson,marie.wilson.575@example.com,Italy,2026-03-08
576,Nicolas,Brown,nicolas.brown.576@example.com,Spain,2025-12-02
577,David,Williams,david.williams.577@example.com,United Kingdom,2024-11-04
578,David,Johnson,david.johnson.578@example.com,Belgium,2024-06-20
579,Marie,Williams,marie.williams.579@example.com,Netherlands,2025-05-10
580,Daniel,Martin,daniel.martin.580@example.com,United Kingdom,2026-01-08
581,James,Taylor,james.taylor.581@example.com,Belgium,2024-04-19
582,John,Wilson,john.wilson.582@example.com,Switzerland,2024-12-06
583,Thomas,Taylor,thomas.taylor.583@example.com,Spain,2024-12-08
584,Lucas,Miller,lucas.miller.584@example.com,United Kingdom,2025-09-09
585,Thomas,Brown,thomas.brown.585@example.com,Belgium,2025-02-11
586,Laura,Thomas,laura.thomas.586@example.com,Netherlands,2026-03-11
587,Alex,Williams,alex.williams.587@example.com,Netherlands,2026-04-16
588,Emma,Thomas,emma.thomas.588@example.com,Spain,2024-07-23
589,Claire,Smith,claire.smith.589@example.com,Italy,2026-01-14
590,Paul,White,paul.white.590@example.com,Switzerland,2024-10-25
591,Laura,Brown,laura.brown.591@example.com,Italy,2025-10-10
592,Daniel,Moore,daniel.moore.592@example.com,Switzerland,2024-06-06
593,Michael,Taylor,michael.taylor.593@example.com,Switzerland,2025-09-04
594,Claire,Anderson,claire.anderson.594@example.com,France,2025-12-09
595,Anna,Jackson,anna.jackson.595@example.com,Germany,2026-04-11
596,Emma,White,emma.white.596@example.com,Netherlands,2024-09-11
597,Sophie,Moore,sophie.moore.597@example.com,Switzerland,2025-09-19
598,Thomas,White,thomas.white.598@example.com,France,2025-03-16
599,Emma,Williams,emma.williams.599@example.com,Italy,2024-08-15
600,Paul,Miller,paul.miller.600@example.com,Spain,2025-02-04
601,Anna,Smith,anna.smith.601@example.com,Belgium,2025-05-09
602,Marie,Johnson,marie.johnson.602@example.com,Netherlands,2024-04-28
603,Lucas,Miller,lucas.miller.603@example.com,United Kingdom,2025-04-11
604,Anna,Taylor,anna.taylor.604@example.com,United Kingdom,2024-04-09
605,Thomas,Johnson,thomas.johnson.605@example.com,Germany,2024-11-03
606,John,Harris,john.harris.606@example.com,Germany,2024-12-17
607,Sophie,Jackson,sophie.jackson.607@example.com,Spain,2024-09-06
608,Claire,Brown,claire.brown.608@example.com,Switzerland,2024-12-04
609,Paul,Martin,paul.martin.609@example.com,Spain,2026-03-27
610,Sophie,Moore,sophie.moore.610@example.com,Switzerland,2025-11-04
611,John,Jackson,john.jackson.611@example.com,United Kingdom,2025-09-20
612,Marie,Wilson,marie.wilson.612@example.com,Italy,2024-01-05
613,Daniel,White,daniel.white.613@example.com,Germany,2025-12-21
614,Claire,Brown,claire.brown.614@example.com,Italy,2025-01-09
615,Paul,Johnson,paul.johnson.615@example.com,Netherlands,2024-09-25
616,Alex,Thomas,alex.thomas.616@example.com,Germany,2025-02-05
617,Anna,Miller,anna.miller.617@example.com,Spain,2026-05-15
618,Lucas,Thomas,lucas.thomas.618@example.com,Spain,2025-08-27
619,Thomas,Johnson,thomas.johnson.619@example.com,Germany,2024-09-01
620,Sophie,Miller,sophie.miller.620@example.com,Switzerland,2025-12-11
621,Marie,Thomas,marie.thomas.621@example.com,Switzerland,2024-05-21
622,Marie,Brown,marie.brown.622@example.com,Spain,2025-05-13
623,Claire,Brown,claire.brown.623@example.com,Spain,2025-05-16
624,Sophie,Miller,sophie.miller.624@example.com,France,2026-05-12
625,Anna,Smith,anna.smith.625@example.com,Italy,2025-05-11
626,Alex,Anderson,alex.anderson.626@example.com,United Kingdom,2025-06-01
627,Marie,Moore,marie.moore.627@example.com,United Kingdom,2025-05-18
628,Laura,Brown,laura.brown.628@example.com,France,2024-03-25
629,Olivia,Williams,olivia.williams.629@example.com,Italy,2024-02-03
630,Claire,Williams,claire.williams.630@example.com,United Kingdom,2024-06-21
631,Claire,Anderson,claire.anderson.631@example.com,Germany,2024-04-25
632,Daniel,White,daniel.white.632@example.com,France,2025-07-10
633,Paul,Anderson,paul.anderson.633@example.com,Germany,2024-08-11
634,Olivia,Williams,olivia.williams.634@example.com,Belgium,2024-02-03
635,Anna,Harris,anna.harris.635@example.com,United Kingdom,2026-04-16
636,Emma,White,emma.white.636@example.com,Italy,2026-04-11
637,Anna,Harris,anna.harris.637@example.com,Switzerland,2025-12-28
638,Sophie,Thomas,sophie.thomas.638@example.com,Italy,2024-05-22
639,Sarah,Thomas,sarah.thomas.639@example.com,Belgium,2024-12-25
640,Claire,Brown,claire.brown.640@example.com,Belgium,2024-11-27
641,Daniel,Harris,daniel.harris.641@example.com,Spain,2025-06-10
642,Marie,Smith,marie.smith.642@example.com,Spain,2024-10-10
643,David,Martin,david.martin.643@example.com,Italy,2024-05-29
644,Alex,Taylor,alex.taylor.644@example.com,Belgium,2024-05-25
645,Marie,Wilson,marie.wilson.645@example.com,Germany,2025-04-07
646,Alex,Anderson,alex.anderson.646@example.com,Netherlands,2026-02-06
647,Paul,Taylor,paul.taylor.647@example.com,France,2024-12-01
648,Michael,Jackson,michael.jackson.648@example.com,Netherlands,2025-04-14
649,Michael,White,michael.white.649@example.com,Italy,2025-07-01
650,Marie,Harris,marie.harris.650@example.com,Belgium,2024-08-04
651,Thomas,Harris,thomas.harris.651@example.com,Spain,2024-10-17
652,Laura,White,laura.white.652@example.com,France,2024-12-17
653,Emma,Moore,emma.moore.653@example.com,France,2026-03-13
654,Emma,Harris,emma.harris.654@example.com,United Kingdom,2024-06-10
655,John,Wilson,john.wilson.655@example.com,Belgium,2024-07-26
656,Sophie,Harris,sophie.harris.656@example.com,Netherlands,2024-10-07
657,Daniel,Johnson,daniel.johnson.657@example.com,Spain,2025-01-15
658,Sarah,Wilson,sarah.wilson.658@example.com,Italy,2025-10-02
659,Marie,Moore,marie.moore.659@example.com,France,2024-04-03
660,James,Taylor,james.taylor.660@example.com,Italy,2024-03-20
661,Nicolas,Moore,nicolas.moore.661@example.com,France,2025-03-31
662,Thomas,Harris,thomas.harris.662@example.com,Spain,2024-05-03
663,Laura,Johnson,laura.johnson.663@example.com,Germany,2024-08-22
664,Emma,Johnson,emma.johnson.664@example.com,Belgium,2024-11-16
665,David,Wilson,david.wilson.665@example.com,Spain,2026-03-03
666,Michael,Anderson,michael.anderson.666@example.com,Spain,2025-07-30
667,Paul,Miller,paul.miller.667@example.com,Spain,2026-01-09
668,Marie,Thomas,marie.thomas.668@example.com,Italy,2025-12-04
669,Michael,Johnson,michael.johnson.669@example.com,Switzerland,2024-05-23
670,Anna,Wilson,anna.wilson.670@example.com,Italy,2024-11-18
671,Daniel,Moore,daniel.moore.671@example.com,Belgium,2024-03-27
672,John,Harris,john.harris.672@example.com,Belgium,2026-05-17
673,James,Anderson,james.anderson.673@example.com,Italy,2025-09-13
674,Alex,Williams,alex.williams.674@example.com,Italy,2025-10-23
675,Laura,Wilson,laura.wilson.675@example.com,United Kingdom,2024-04-25
676,Michael,Anderson,michael.anderson.676@example.com,Netherlands,2024-01-13
677,David,Wilson,david.wilson.677@example.com,Switzerland,2026-05-31
678,Anna,Anderson,anna.anderson.678@example.com,United Kingdom,2025-11-30
679,Michael,Smith,michael.smith.679@example.com,France,2025-08-24
680,Daniel,Martin,daniel.martin.680@example.com,Switzerland,2024-02-10
681,Nicolas,Williams,nicolas.williams.681@example.com,Switzerland,2025-10-05
682,Marie,Jackson,marie.jackson.682@example.com,Spain,2025-02-15
683,Daniel,Johnson,daniel.johnson.683@example.com,Italy,2024-11-13
684,David,Anderson,david.anderson.684@example.com,Germany,2024-11-30
685,Lucas,Jackson,lucas.jackson.685@example.com,France,2025-03-23
686,Olivia,Johnson,olivia.johnson.686@example.com,United Kingdom,2025-03-20
687,Sarah,Williams,sarah.williams.687@example.com,Spain,2025-11-13
688,Emma,Smith,emma.smith.688@example.com,France,2025-12-25
689,Sophie,Taylor,sophie.taylor.689@example.com,Belgium,2024-12-21
690,Sophie,Miller,sophie.miller.690@example.com,Germany,2024-05-09
691,John,Miller,john.miller.691@example.com,Belgium,2026-04-06
692,Nicolas,Johnson,nicolas.johnson.692@example.com,Germany,2024-09-26
693,Laura,Taylor,laura.taylor.693@example.com,France,2025-06-07
694,Laura,Harris,laura.harris.694@example.com,Netherlands,2025-08-03
695,Sophie,Williams,sophie.williams.695@example.com,Germany,2026-03-02
696,Olivia,Jackson,olivia.jackson.696@example.com,France,2025-06-05
697,John,Martin,john.martin.697@example.com,Netherlands,2024-02-17
698,Alex,Brown,alex.brown.698@example.com,Switzerland,2024-07-02
699,Olivia,Miller,olivia.miller.699@example.com,Netherlands,2024-09-11
700,Daniel,Harris,daniel.harris.700@example.com,Netherlands,2024-03-20
701,Emma,Anderson,emma.anderson.701@example.com,Spain,2025-11-20
702,Olivia,White,olivia.white.702@example.com,Switzerland,2025-06-12
703,Michael,Taylor,michael.taylor.703@example.com,Netherlands,2024-10-16
704,Michael,Anderson,michael.anderson.704@example.com,Netherlands,2025-04-12
705,James,Williams,james.williams.705@example.com,Italy,2025-07-31
706,Paul,Miller,paul.miller.706@example.com,Italy,2025-08-28
707,Claire,White,claire.white.707@example.com,Spain,2026-03-26
708,John,Wilson,john.wilson.708@example.com,Netherlands,2024-01-25
709,John,Miller,john.miller.709@example.com,Switzerland,2024-01-02
710,Lucas,Johnson,lucas.johnson.710@example.com,Italy,2024-07-29
711,Marie,Taylor,marie.taylor.711@example.com,Belgium,2024-03-02
712,Michael,Smith,michael.smith.712@example.com,Switzerland,2024-08-25
713,Anna,Taylor,anna.taylor.713@example.com,Germany,2026-02-04
714,Nicolas,Brown,nicolas.brown.714@example.com,Germany,2025-10-14
715,Sarah,Wilson,sarah.wilson.715@example.com,Italy,2025-11-09
716,Lucas,Williams,lucas.williams.716@example.com,Switzerland,2026-05-21
717,Thomas,Miller,thomas.miller.717@example.com,Italy,2025-04-08
718,Michael,Martin,michael.martin.718@example.com,Germany,2024-05-19
719,David,Johnson,david.johnson.719@example.com,United Kingdom,2024-06-17
720,Thomas,Wilson,thomas.wilson.720@example.com,Netherlands,2024-05-03
721,James,Taylor,james.taylor.721@example.com,Belgium,2024-11-11
722,Emma,Johnson,emma.johnson.722@example.com,France,2024-06-10
723,James,Harris,james.harris.723@example.com,Spain,2026-05-27
724,Michael,Jackson,michael.jackson.724@example.com,Switzerland,2024-09-11
725,Nicolas,Smith,nicolas.smith.725@example.com,Belgium,2025-11-24
726,Sophie,Smith,sophie.smith.726@example.com,Italy,2025-02-18
727,Emma,Taylor,emma.taylor.727@example.com,Germany,2024-04-14
728,John,Smith,john.smith.728@example.com,Spain,2026-04-30
729,James,Harris,james.harris.729@example.com,Germany,2025-02-14
730,Daniel,Harris,daniel.harris.730@example.com,Germany,2024-03-17
731,James,Moore,james.moore.731@example.com,Germany,2025-03-30
732,Thomas,Johnson,thomas.johnson.732@example.com,France,2024-02-13
733,Sophie,Thomas,sophie.thomas.733@example.com,United Kingdom,2025-03-19
734,John,Wilson,john.wilson.734@example.com,Spain,2025-11-30
735,Anna,Martin,anna.martin.735@example.com,Belgium,2024-07-10
736,Paul,Brown,paul.brown.736@example.com,Italy,2024-02-05
737,Lucas,Taylor,lucas.taylor.737@example.com,United Kingdom,2025-02-25
738,Sarah,Johnson,sarah.johnson.738@example.com,Spain,2024-10-13
739,Marie,Martin,marie.martin.739@example.com,Italy,2025-10-20
740,Claire,White,claire.white.740@example.com,Netherlands,2024-01-20
741,Laura,Anderson,laura.anderson.741@example.com,Netherlands,2026-03-11
742,Nicolas,Miller,nicolas.miller.742@example.com,Spain,2025-02-01
743,John,Miller,john.miller.743@example.com,France,2025-09-03
744,Daniel,Smith,daniel.smith.744@example.com,Netherlands,2026-04-08
745,Olivia,Brown,olivia.brown.745@example.com,Italy,2024-04-12
746,Daniel,Anderson,daniel.anderson.746@example.com,Italy,2026-04-15
747,Alex,Miller,alex.miller.747@example.com,Spain,2026-05-09
748,Olivia,Thomas,olivia.thomas.748@example.com,France,2024-11-21
749,Anna,Thomas,anna.thomas.749@example.com,Italy,2025-07-31
750,Laura,Anderson,laura.anderson.750@example.com,United Kingdom,2024-11-12
751,Sarah,Johnson,sarah.johnson.751@example.com,Italy,2024-02-27
752,John,Anderson,john.anderson.752@example.com,Netherlands,2025-05-04
753,James,White,james.white.753@example.com,Spain,2024-05-13
754,Thomas,Smith,thomas.smith.754@example.com,Spain,2024-01-23
755,Emma,Harris,emma.harris.755@example.com,Germany,2025-06-22
756,Anna,Jackson,anna.jackson.756@example.com,Germany,2025-11-09
757,Thomas,Williams,thomas.williams.757@example.com,Spain,2024-11-26
758,Marie,White,marie.white.758@example.com,Netherlands,2025-10-16
759,Sophie,Jackson,sophie.jackson.759@example.com,Netherlands,2025-07-29
760,Olivia,Moore,olivia.moore.760@example.com,Switzerland,2025-08-26
761,Lucas,Jackson,lucas.jackson.761@example.com,Spain,2025-12-06
762,Sophie,Jackson,sophie.jackson.762@example.com,Switzerland,2024-01-02
763,Sarah,Brown,sarah.brown.763@example.com,Italy,2025-09-08
764,Emma,Taylor,emma.taylor.764@example.com,Germany,2024-05-24
765,Olivia,Miller,olivia.miller.765@example.com,Germany,2024-11-23
766,Thomas,Taylor,thomas.taylor.766@example.com,Italy,2024-01-12
767,Olivia,Jackson,olivia.jackson.767@example.com,Belgium,2024-03-10
768,Emma,Jackson,emma.jackson.768@example.com,Switzerland,2024-01-02
769,Paul,Jackson,paul.jackson.769@example.com,Switzerland,2025-03-05
770,Laura,Wilson,laura.wilson.770@example.com,Switzerland,2024-12-25
771,Emma,Harris,emma.harris.771@example.com,Italy,2025-05-05
772,Sophie,Taylor,sophie.taylor.772@example.com,Belgium,2024-03-16
773,John,Miller,john.miller.773@example.com,Germany,2024-09-24
774,Thomas,Brown,thomas.brown.774@example.com,Germany,2025-01-19
775,Claire,Johnson,claire.johnson.775@example.com,United Kingdom,2024-12-12
776,John,Wilson,john.wilson.776@example.com,Switzerland,2025-10-31
777,Sophie,Smith,sophie.smith.777@example.com,Italy,2024-04-13
778,James,Wilson,james.wilson.778@example.com,Belgium,2025-12-14
779,Lucas,Williams,lucas.williams.779@example.com,France,2024-08-31
780,Alex,Thomas,alex.thomas.780@example.com,Spain,2025-07-16
781,Sarah,Miller,sarah.miller.781@example.com,Germany,2024-01-04
782,Lucas,Harris,lucas.harris.782@example.com,United Kingdom,2025-11-08
783,James,Johnson,james.johnson.783@example.com,Spain,2024-01-27
784,Lucas,Johnson,lucas.johnson.784@example.com,Belgium,2025-04-29
785,Alex,Taylor,alex.taylor.785@example.com,Germany,2025-05-15
786,Claire,Wilson,claire.wilson.786@example.com,Switzerland,2024-07-08
787,Anna,Brown,anna.brown.787@example.com,Belgium,2025-04-01
788,Paul,Taylor,paul.taylor.788@example.com,Belgium,2024-09-26
789,Sarah,Brown,sarah.brown.789@example.com,Germany,2026-02-09
790,Anna,White,anna.white.790@example.com,Italy,2025-07-08
791,Claire,Smith,claire.smith.791@example.com,Switzerland,2026-05-10
792,Claire,Moore,claire.moore.792@example.com,Italy,2025-05-01
793,Laura,Williams,laura.williams.793@example.com,France,2024-03-21
794,Nicolas,Thomas,nicolas.thomas.794@example.com,Spain,2025-06-13
795,Emma,White,emma.white.795@example.com,Spain,2025-04-04
796,James,White,james.white.796@example.com,France,2024-07-16
797,Marie,Johnson,marie.johnson.797@example.com,Italy,2025-11-30
798,David,Harris,david.harris.798@example.com,Netherlands,2025-09-01
799,Michael,Johnson,michael.johnson.799@example.com,Switzerland,2025-02-01
800,Claire,Miller,claire.miller.800@example.com,United Kingdom,2026-05-27
801,John,White,john.white.801@example.com,Switzerland,2025-12-18
802,Emma,Wilson,emma.wilson.802@example.com,Germany,2024-06-02
803,Emma,Thomas,emma.thomas.803@example.com,Belgium,2026-03-09
804,Claire,Miller,claire.miller.804@example.com,Switzerland,2025-02-24
805,Laura,Thomas,laura.thomas.805@example.com,France,2025-09-15
806,Sophie,Williams,sophie.williams.806@example.com,Switzerland,2025-02-16
807,Sarah,Wilson,sarah.wilson.807@example.com,France,2024-12-05
808,Laura,Williams,laura.williams.808@example.com,Netherlands,2025-01-16
809,Lucas,Williams,lucas.williams.809@example.com,Germany,2024-10-14
810,Olivia,Brown,olivia.brown.810@example.com,Netherlands,2024-11-03
811,Daniel,Jackson,daniel.jackson.811@example.com,Germany,2025-03-02
812,James,Taylor,james.taylor.812@example.com,United Kingdom,2024-08-04
813,Nicolas,Harris,nicolas.harris.813@example.com,Spain,2025-01-17
814,Michael,Williams,michael.williams.814@example.com,Switzerland,2025-12-27
815,David,White,david.white.815@example.com,France,2026-05-21
816,Sophie,Martin,sophie.martin.816@example.com,France,2026-05-02
817,Olivia,Smith,olivia.smith.817@example.com,Netherlands,2025-04-12
818,James,Williams,james.williams.818@example.com,Switzerland,2025-01-12
819,Emma,Moore,emma.moore.819@example.com,Netherlands,2024-02-01
820,Laura,Thomas,laura.thomas.820@example.com,United Kingdom,2025-04-01
821,Claire,Miller,claire.miller.821@example.com,Belgium,2024-12-18
822,Michael,Williams,michael.williams.822@example.com,France,2024-01-29
823,Sophie,Harris,sophie.harris.823@example.com,Italy,2025-08-08
824,Olivia,Moore,olivia.moore.824@example.com,Switzerland,2024-07-30
825,Nicolas,Smith,nicolas.smith.825@example.com,United Kingdom,2026-03-10
826,David,Moore,david.moore.826@example.com,France,2024-06-26
827,Olivia,Williams,olivia.williams.827@example.com,Belgium,2025-09-14
828,Marie,Wilson,marie.wilson.828@example.com,United Kingdom,2026-05-22
829,Daniel,Martin,daniel.martin.829@example.com,Switzerland,2025-04-22
830,Emma,Smith,emma.smith.830@example.com,Belgium,2025-06-07
831,Lucas,Moore,lucas.moore.831@example.com,Germany,2024-04-20
832,Thomas,Williams,thomas.williams.832@example.com,Belgium,2025-10-17
833,Daniel,Moore,daniel.moore.833@example.com,Belgium,2025-12-29
834,James,Brown,james.brown.834@example.com,France,2025-06-13
835,Alex,Moore,alex.moore.835@example.com,France,2024-11-23
836,Laura,Williams,laura.williams.836@example.com,Switzerland,2024-09-22
837,Alex,Jackson,alex.jackson.837@example.com,Italy,2024-02-06
838,Thomas,Jackson,thomas.jackson.838@example.com,United Kingdom,2025-12-31
839,Anna,Anderson,anna.anderson.839@example.com,Spain,2024-11-03
840,Lucas,Johnson,lucas.johnson.840@example.com,Belgium,2025-04-27
841,Claire,White,claire.white.841@example.com,Germany,2024-07-06
842,Olivia,Miller,olivia.miller.842@example.com,Switzerland,2024-08-16
843,Thomas,Miller,thomas.miller.843@example.com,Belgium,2024-09-23
844,Paul,Harris,paul.harris.844@example.com,France,2024-04-30
845,Michael,Taylor,michael.taylor.845@example.com,Germany,2024-07-18
846,Alex,Anderson,alex.anderson.846@example.com,France,2024-11-01
847,David,Brown,david.brown.847@example.com,Switzerland,2024-07-24
848,Paul,Brown,paul.brown.848@example.com,Germany,2024-11-19
849,Laura,Miller,laura.miller.849@example.com,Netherlands,2025-10-08
850,Sarah,Smith,sarah.smith.850@example.com,Italy,2025-04-07
851,Sophie,Thomas,sophie.thomas.851@example.com,United Kingdom,2026-02-21
852,Michael,Brown,michael.brown.852@example.com,Switzerland,2025-09-21
853,Alex,Wilson,alex.wilson.853@example.com,France,2025-05-03
854,Sarah,Anderson,sarah.anderson.854@example.com,France,2024-07-23
855,Thomas,White,thomas.white.855@example.com,Italy,2026-05-03
856,John,Moore,john.moore.856@example.com,Italy,2024-01-05
857,Olivia,Jackson,olivia.jackson.857@example.com,Spain,2024-12-18
858,Emma,Wilson,emma.wilson.858@example.com,Belgium,2025-05-30
859,Sophie,Johnson,sophie.johnson.859@example.com,Belgium,2026-04-23
860,Lucas,Taylor,lucas.taylor.860@example.com,Netherlands,2026-01-15
861,Marie,Moore,marie.moore.861@example.com,United Kingdom,2024-05-17
862,Anna,White,anna.white.862@example.com,Switzerland,2024-07-11
863,John,Martin,john.martin.863@example.com,Italy,2024-08-17
864,John,Thomas,john.thomas.864@example.com,Germany,2025-05-31
865,Anna,Jackson,anna.jackson.865@example.com,Switzerland,2025-10-28
866,Daniel,White,daniel.white.866@example.com,France,2025-07-01
867,Sarah,Moore,sarah.moore.867@example.com,France,2024-04-20
868,Sarah,Jackson,sarah.jackson.868@example.com,United Kingdom,2024-04-28
869,Alex,Johnson,alex.johnson.869@example.com,United Kingdom,2025-07-14
870,David,Martin,david.martin.870@example.com,France,2025-12-12
871,Lucas,Wilson,lucas.wilson.871@example.com,Belgium,2025-11-08
872,David,Wilson,david.wilson.872@example.com,Germany,2026-04-30
873,Lucas,Johnson,lucas.johnson.873@example.com,United Kingdom,2026-03-14
874,James,Thomas,james.thomas.874@example.com,Italy,2024-07-23
875,Anna,Jackson,anna.jackson.875@example.com,Spain,2025-02-23
876,Sarah,Anderson,sarah.anderson.876@example.com,United Kingdom,2025-05-23
877,Thomas,Martin,thomas.martin.877@example.com,Germany,2024-01-03
878,Emma,Harris,emma.harris.878@example.com,Spain,2025-08-10
879,Michael,White,michael.white.879@example.com,Germany,2025-06-07
880,Daniel,Moore,daniel.moore.880@example.com,Belgium,2024-08-24
881,Daniel,Taylor,daniel.taylor.881@example.com,Spain,2024-02-21
882,Sarah,Harris,sarah.harris.882@example.com,Netherlands,2024-10-24
883,Marie,Jackson,marie.jackson.883@example.com,France,2024-04-28
884,John,Harris,john.harris.884@example.com,Spain,2024-05-21
885,Thomas,Miller,thomas.miller.885@example.com,Belgium,2025-03-24
886,Michael,Miller,michael.miller.886@example.com,Spain,2026-04-14
887,Emma,Wilson,emma.wilson.887@example.com,Belgium,2025-02-13
888,Alex,Jackson,alex.jackson.888@example.com,Switzerland,2026-05-21
889,Sophie,Johnson,sophie.johnson.889@example.com,Spain,2024-05-15
890,Emma,Wilson,emma.wilson.890@example.com,United Kingdom,2025-08-27
891,Sophie,Thomas,sophie.thomas.891@example.com,France,2025-01-23
892,David,Taylor,david.taylor.892@example.com,Switzerland,2025-05-14
893,Paul,Smith,paul.smith.893@example.com,Netherlands,2024-03-05
894,John,Jackson,john.jackson.894@example.com,Italy,2025-11-25
895,Thomas,Anderson,thomas.anderson.895@example.com,Germany,2025-06-19
896,Marie,Moore,marie.moore.896@example.com,United Kingdom,2026-01-14
897,Anna,Moore,anna.moore.897@example.com,Switzerland,2025-11-23
898,David,Harris,david.harris.898@example.com,France,2026-04-26
899,John,Moore,john.moore.899@example.com,United Kingdom,2024-06-09
900,Laura,Harris,laura.harris.900@example.com,United Kingdom,2024-06-18
901,Thomas,Martin,thomas.martin.901@example.com,France,2024-12-04
902,Nicolas,Martin,nicolas.martin.902@example.com,Switzerland,2025-07-17
903,Alex,Harris,alex.harris.903@example.com,United Kingdom,2024-08-28
904,Paul,White,paul.white.904@example.com,Germany,2025-08-09
905,Laura,Taylor,laura.taylor.905@example.com,United Kingdom,2024-11-19
906,John,Johnson,john.johnson.906@example.com,France,2025-02-17
907,Claire,Anderson,claire.anderson.907@example.com,Belgium,2024-01-01
908,Nicolas,Anderson,nicolas.anderson.908@example.com,United Kingdom,2024-07-30
909,Thomas,Miller,thomas.miller.909@example.com,Italy,2026-04-25
910,Paul,Miller,paul.miller.910@example.com,United Kingdom,2025-07-27
911,Anna,Jackson,anna.jackson.911@example.com,Germany,2025-04-08
912,Olivia,Smith,olivia.smith.912@example.com,Belgium,2024-12-15
913,Claire,Anderson,claire.anderson.913@example.com,France,2025-01-17
914,Sophie,Taylor,sophie.taylor.914@example.com,Germany,2024-05-23
915,Daniel,Thomas,daniel.thomas.915@example.com,Germany,2024-07-19
916,Alex,Martin,alex.martin.916@example.com,Netherlands,2025-04-13
917,Emma,White,emma.white.917@example.com,Germany,2025-02-28
918,Paul,Taylor,paul.taylor.918@example.com,Spain,2025-11-05
919,Laura,Smith,laura.smith.919@example.com,Switzerland,2025-06-27
920,Laura,Anderson,laura.anderson.920@example.com,Spain,2026-03-10
921,David,Johnson,david.johnson.921@example.com,Netherlands,2025-01-31
922,Nicolas,Wilson,nicolas.wilson.922@example.com,Italy,2025-03-04
923,Daniel,Wilson,daniel.wilson.923@example.com,United Kingdom,2024-12-17
924,David,Brown,david.brown.924@example.com,Belgium,2025-02-26
925,Claire,Harris,claire.harris.925@example.com,Italy,2024-11-17
926,James,Martin,james.martin.926@example.com,Netherlands,2025-10-01
927,David,Jackson,david.jackson.927@example.com,Netherlands,2025-10-27
928,Emma,White,emma.white.928@example.com,United Kingdom,2024-12-26
929,Marie,Moore,marie.moore.929@example.com,Belgium,2026-02-04
930,Marie,White,marie.white.930@example.com,Germany,2024-01-14
931,John,Wilson,john.wilson.931@example.com,France,2024-05-28
932,James,Williams,james.williams.932@example.com,Belgium,2026-02-07
933,Daniel,Brown,daniel.brown.933@example.com,Belgium,2026-05-09
934,James,White,james.white.934@example.com,Netherlands,2025-07-08
935,Paul,Johnson,paul.johnson.935@example.com,Italy,2025-09-22
936,Claire,Wilson,claire.wilson.936@example.com,Belgium,2024-08-31
937,Sarah,Wilson,sarah.wilson.937@example.com,Netherlands,2025-01-31
938,Claire,Smith,claire.smith.938@example.com,Italy,2024-01-14
939,Paul,Harris,paul.harris.939@example.com,Netherlands,2024-08-18
940,Claire,Jackson,claire.jackson.940@example.com,Italy,2025-09-09
941,Lucas,Taylor,lucas.taylor.941@example.com,Spain,2024-06-30
942,Sophie,Jackson,sophie.jackson.942@example.com,Switzerland,2025-06-10
943,Sarah,Wilson,sarah.wilson.943@example.com,Belgium,2024-10-12
944,David,Brown,david.brown.944@example.com,France,2025-08-21
945,Thomas,Taylor,thomas.taylor.945@example.com,France,2025-12-27
946,David,Miller,david.miller.946@example.com,Belgium,2025-09-03
947,Laura,White,laura.white.947@example.com,Netherlands,2025-08-09
948,Michael,White,michael.white.948@example.com,Italy,2025-12-25
949,Sophie,Anderson,sophie.anderson.949@example.com,Spain,2024-03-10
950,Marie,Anderson,marie.anderson.950@example.com,Germany,2025-07-03
951,Anna,Martin,anna.martin.951@example.com,Netherlands,2024-08-06
952,Anna,Williams,anna.williams.952@example.com,United Kingdom,2024-08-11
953,Claire,Harris,claire.harris.953@example.com,France,2026-02-09
954,Emma,Moore,emma.moore.954@example.com,Italy,2024-12-20
955,Olivia,Smith,olivia.smith.955@example.com,Switzerland,2025-11-29
956,Emma,Wilson,emma.wilson.956@example.com,Belgium,2024-09-19
957,John,Anderson,john.anderson.957@example.com,United Kingdom,2026-04-21
958,Laura,Smith,laura.smith.958@example.com,Italy,2024-10-30
959,Thomas,Anderson,thomas.anderson.959@example.com,Spain,2024-03-25
960,Claire,Anderson,claire.anderson.960@example.com,Germany,2024-01-08
961,James,Moore,james.moore.961@example.com,Switzerland,2025-10-06
962,Emma,Martin,emma.martin.962@example.com,Germany,2025-07-04
963,David,Smith,david.smith.963@example.com,France,2025-04-15
964,Michael,Johnson,michael.johnson.964@example.com,Belgium,2024-02-25
965,Claire,Johnson,claire.johnson.965@example.com,Belgium,2025-08-11
966,Marie,Wilson,marie.wilson.966@example.com,Switzerland,2025-04-06
967,Marie,Miller,marie.miller.967@example.com,Germany,2024-01-18
968,Claire,Smith,claire.smith.968@example.com,Germany,2025-10-18
969,Sarah,Jackson,sarah.jackson.969@example.com,Netherlands,2026-05-18
970,Nicolas,Johnson,nicolas.johnson.970@example.com,Germany,2024-10-23
971,Lucas,White,lucas.white.971@example.com,Switzerland,2025-03-24
972,John,Taylor,john.taylor.972@example.com,Italy,2024-06-09
973,David,Jackson,david.jackson.973@example.com,Belgium,2025-02-04
974,David,Williams,david.williams.974@example.com,Netherlands,2025-11-24
975,John,Anderson,john.anderson.975@example.com,Germany,2025-07-22
976,Sarah,Smith,sarah.smith.976@example.com,Switzerland,2025-08-09
977,Claire,Anderson,claire.anderson.977@example.com,Italy,2024-03-28
978,Anna,Martin,anna.martin.978@example.com,Spain,2025-02-26
979,Sophie,Brown,sophie.brown.979@example.com,Belgium,2024-08-14
980,James,Johnson,james.johnson.980@example.com,France,2024-07-04
981,Claire,Taylor,claire.taylor.981@example.com,Germany,2025-10-22
982,Lucas,Moore,lucas.moore.982@example.com,Germany,2024-03-09
983,James,Jackson,james.jackson.983@example.com,Netherlands,2025-08-17
984,Anna,Brown,anna.brown.984@example.com,Italy,2025-11-18
985,Emma,Williams,emma.williams.985@example.com,Italy,2025-09-26
986,Thomas,Taylor,thomas.taylor.986@example.com,Belgium,2025-04-06
987,David,Thomas,david.thomas.987@example.com,Netherlands,2025-08-03
988,Marie,Brown,marie.brown.988@example.com,Italy,2024-01-05
989,Olivia,Jackson,olivia.jackson.989@example.com,Switzerland,2026-01-27
990,Daniel,Harris,daniel.harris.990@example.com,Netherlands,2025-01-03
991,Laura,Taylor,laura.taylor.991@example.com,Belgium,2025-04-01
992,Laura,Anderson,laura.anderson.992@example.com,Germany,2024-04-21
993,Daniel,Harris,daniel.harris.993@example.com,Italy,2026-04-26
994,Daniel,Jackson,daniel.jackson.994@example.com,Germany,2025-10-03
995,John,Harris,john.harris.995@example.com,France,2025-06-03
996,Alex,White,alex.white.996@example.com,France,2025-08-27
997,Claire,Williams,claire.williams.997@example.com,United Kingdom,2025-07-10
998,David,Miller,david.miller.998@example.com,Belgium,2025-02-05
999,David,Taylor,david.taylor.999@example.com,Germany,2025-05-28
1000,Alex,Miller,alex.miller.1000@example.com,Italy,2025-05-29
1001,Sophie,White,sophie.white.1001@example.com,United Kingdom,2025-06-10
1002,Sophie,Brown,sophie.brown.1002@example.com,Spain,2025-08-02
1003,Laura,Miller,laura.miller.1003@example.com,United Kingdom,2024-02-11
1004,Olivia,Johnson,olivia.johnson.1004@example.com,Italy,2024-09-27
1005,Sarah,Moore,sarah.moore.1005@example.com,Netherlands,2024-07-30
1006,Alex,Taylor,alex.taylor.1006@example.com,France,2025-04-10
1007,Thomas,Johnson,thomas.johnson.1007@example.com,Belgium,2025-12-21
1008,Daniel,Thomas,daniel.thomas.1008@example.com,Spain,2025-07-11
1009,Alex,Moore,alex.moore.1009@example.com,Germany,2025-01-22
1010,Nicolas,Williams,nicolas.williams.1010@example.com,Switzerland,2025-01-20
1011,Anna,Harris,anna.harris.1011@example.com,United Kingdom,2024-12-19
1012,John,Anderson,john.anderson.1012@example.com,Spain,2024-05-22
1013,Olivia,Johnson,olivia.johnson.1013@example.com,Belgium,2025-06-10
1014,James,Brown,james.brown.1014@example.com,Netherlands,2024-07-10
1015,Emma,Moore,emma.moore.1015@example.com,Netherlands,2024-08-23
1016,Emma,Taylor,emma.taylor.1016@example.com,United Kingdom,2025-11-22
1017,James,Thomas,james.thomas.1017@example.com,Switzerland,2024-06-14
1018,John,Martin,john.martin.1018@example.com,Spain,2024-02-14
1019,David,Moore,david.moore.1019@example.com,Spain,2025-06-08
1020,Sarah,Brown,sarah.brown.1020@example.com,Switzerland,2024-09-21
1021,John,Jackson,john.jackson.1021@example.com,Germany,2026-01-15
1022,James,Taylor,james.taylor.1022@example.com,United Kingdom,2025-09-13
1023,Sophie,Martin,sophie.martin.1023@example.com,Spain,2026-04-30
1024,Sophie,Thomas,sophie.thomas.1024@example.com,Belgium,2025-11-06
1025,Sophie,Jackson,sophie.jackson.1025@example.com,United Kingdom,2025-12-03
1026,Michael,Martin,michael.martin.1026@example.com,Spain,2025-01-22
1027,Emma,Smith,emma.smith.1027@example.com,Switzerland,2024-07-26
1028,David,Thomas,david.thomas.1028@example.com,United Kingdom,2024-04-08
1029,Sarah,White,sarah.white.1029@example.com,Germany,2025-06-28
1030,Michael,Taylor,michael.taylor.1030@example.com,France,2025-11-06
1031,Marie,Anderson,marie.anderson.1031@example.com,France,2025-03-06
1032,Nicolas,Wilson,nicolas.wilson.1032@example.com,Switzerland,2024-08-22
1033,Anna,Thomas,anna.thomas.1033@example.com,Germany,2026-04-03
1034,Marie,Brown,marie.brown.1034@example.com,Italy,2024-09-17
1035,Michael,Williams,michael.williams.1035@example.com,Switzerland,2025-09-04
1036,Daniel,Martin,daniel.martin.1036@example.com,Germany,2024-01-06
1037,Nicolas,Smith,nicolas.smith.1037@example.com,Italy,2025-01-19
1038,Thomas,Wilson,thomas.wilson.1038@example.com,Spain,2025-01-05
1039,Marie,Moore,marie.moore.1039@example.com,Belgium,2025-08-22
1040,Claire,Wilson,claire.wilson.1040@example.com,Belgium,2025-08-01
1041,Alex,White,alex.white.1041@example.com,United Kingdom,2024-07-27
1042,Sophie,Miller,sophie.miller.1042@example.com,United Kingdom,2025-07-26
1043,Daniel,Williams,daniel.williams.1043@example.com,Switzerland,2025-08-14
1044,David,Harris,david.harris.1044@example.com,Italy,2025-11-06
1045,Paul,White,paul.white.1045@example.com,Germany,2025-12-17
1046,James,Anderson,james.anderson.1046@example.com,France,2025-02-14
1047,Sophie,Wilson,sophie.wilson.1047@example.com,Germany,2025-10-13
1048,David,Taylor,david.taylor.1048@example.com,Germany,2025-09-06
1049,Michael,Williams,michael.williams.1049@example.com,Germany,2024-08-15
1050,Sarah,Jackson,sarah.jackson.1050@example.com,Belgium,2025-01-28
1051,Sarah,White,sarah.white.1051@example.com,United Kingdom,2026-04-19
1052,Paul,Smith,paul.smith.1052@example.com,Belgium,2024-07-25
1053,James,Smith,james.smith.1053@example.com,Italy,2026-03-13
1054,Sophie,Moore,sophie.moore.1054@example.com,Italy,2024-02-06
1055,John,Brown,john.brown.1055@example.com,Switzerland,2024-03-29
1056,Anna,Moore,anna.moore.1056@example.com,Italy,2025-02-08
1057,Nicolas,Smith,nicolas.smith.1057@example.com,Germany,2026-01-24
1058,Claire,Williams,claire.williams.1058@example.com,Netherlands,2026-01-13
1059,Anna,Harris,anna.harris.1059@example.com,Italy,2024-10-10
1060,Paul,Wilson,paul.wilson.1060@example.com,Belgium,2025-08-11
1061,Sophie,Wilson,sophie.wilson.1061@example.com,Germany,2025-06-02
1062,Nicolas,Williams,nicolas.williams.1062@example.com,Belgium,2024-12-14
1063,Claire,Harris,claire.harris.1063@example.com,Belgium,2026-03-23
1064,Paul,Wilson,paul.wilson.1064@example.com,Italy,2025-07-30
1065,Thomas,White,thomas.white.1065@example.com,France,2025-04-14
1066,Laura,Johnson,laura.johnson.1066@example.com,Switzerland,2024-09-21
1067,Olivia,Moore,olivia.moore.1067@example.com,Netherlands,2025-12-19
1068,Marie,Miller,marie.miller.1068@example.com,France,2025-06-12
1069,Daniel,Martin,daniel.martin.1069@example.com,Switzerland,2024-10-21
1070,Thomas,Johnson,thomas.johnson.1070@example.com,United Kingdom,2025-07-21
1071,Thomas,Miller,thomas.miller.1071@example.com,Belgium,2024-08-11
1072,Sophie,Jackson,sophie.jackson.1072@example.com,United Kingdom,2025-11-30
1073,James,Martin,james.martin.1073@example.com,Belgium,2026-01-23
1074,James,Martin,james.martin.1074@example.com,Netherlands,2024-07-26
1075,David,White,david.white.1075@example.com,Germany,2024-04-19
1076,Laura,Thomas,laura.thomas.1076@example.com,France,2024-01-07
1077,Laura,Miller,laura.miller.1077@example.com,United Kingdom,2025-09-27
1078,Daniel,Taylor,daniel.taylor.1078@example.com,Belgium,2024-07-06
1079,Alex,Martin,alex.martin.1079@example.com,Spain,2026-02-07
1080,Sarah,Anderson,sarah.anderson.1080@example.com,United Kingdom,2026-03-29
1081,Claire,Smith,claire.smith.1081@example.com,Switzerland,2025-05-29
1082,Sophie,Taylor,sophie.taylor.1082@example.com,United Kingdom,2024-05-03
1083,Thomas,Jackson,thomas.jackson.1083@example.com,Italy,2024-01-09
1084,Alex,Thomas,alex.thomas.1084@example.com,Netherlands,2024-04-13
1085,Daniel,Brown,daniel.brown.1085@example.com,Italy,2025-07-15
1086,Daniel,Taylor,daniel.taylor.1086@example.com,Netherlands,2025-09-19
1087,Sophie,Taylor,sophie.taylor.1087@example.com,Switzerland,2025-03-10
1088,Anna,Miller,anna.miller.1088@example.com,Belgium,2026-05-24
1089,Paul,Brown,paul.brown.1089@example.com,Italy,2025-08-08
1090,Emma,Jackson,emma.jackson.1090@example.com,Switzerland,2024-10-03
1091,Alex,Martin,alex.martin.1091@example.com,United Kingdom,2024-05-29
1092,John,Brown,john.brown.1092@example.com,Spain,2025-03-07
1093,Nicolas,Anderson,nicolas.anderson.1093@example.com,United Kingdom,2026-01-07
1094,Lucas,Williams,lucas.williams.1094@example.com,France,2025-07-29
1095,Alex,Johnson,alex.johnson.1095@example.com,France,2025-12-08
1096,James,Harris,james.harris.1096@example.com,Germany,2024-09-17
1097,Paul,Jackson,paul.jackson.1097@example.com,Netherlands,2024-12-08
1098,Anna,Anderson,anna.anderson.1098@example.com,Netherlands,2025-07-24
1099,John,Wilson,john.wilson.1099@example.com,Italy,2024-05-04
1100,Claire,Brown,claire.brown.1100@example.com,Netherlands,2026-03-10
1101,Thomas,Moore,thomas.moore.1101@example.com,United Kingdom,2025-06-06
1102,Michael,Wilson,michael.wilson.1102@example.com,United Kingdom,2025-09-20
1103,David,Harris,david.harris.1103@example.com,Netherlands,2024-06-20
1104,Marie,Moore,marie.moore.1104@example.com,Switzerland,2025-09-19
1105,Michael,Johnson,michael.johnson.1105@example.com,Italy,2024-06-14
1106,Thomas,Miller,thomas.miller.1106@example.com,Belgium,2025-10-30
1107,Alex,Williams,alex.williams.1107@example.com,United Kingdom,2025-03-31
1108,Marie,Brown,marie.brown.1108@example.com,Spain,2024-07-07
1109,Olivia,Moore,olivia.moore.1109@example.com,Italy,2024-09-14
1110,Sophie,Wilson,sophie.wilson.1110@example.com,Germany,2024-04-15
1111,Laura,Anderson,laura.anderson.1111@example.com,Switzerland,2024-02-25
1112,Nicolas,White,nicolas.white.1112@example.com,Belgium,2024-03-26
1113,David,Johnson,david.johnson.1113@example.com,Belgium,2025-11-01
1114,Olivia,Martin,olivia.martin.1114@example.com,United Kingdom,2026-01-25
1115,David,Brown,david.brown.1115@example.com,France,2025-06-23
1116,Sarah,Moore,sarah.moore.1116@example.com,United Kingdom,2024-12-31
1117,Paul,Harris,paul.harris.1117@example.com,United Kingdom,2025-07-07
1118,David,Jackson,david.jackson.1118@example.com,United Kingdom,2025-07-06
1119,Marie,Anderson,marie.anderson.1119@example.com,Belgium,2025-10-17
1120,Anna,Taylor,anna.taylor.1120@example.com,Germany,2025-07-06
1121,Paul,Williams,paul.williams.1121@example.com,Belgium,2025-01-09
1122,David,Williams,david.williams.1122@example.com,Spain,2024-01-11
1123,Anna,Williams,anna.williams.1123@example.com,France,2025-04-25
1124,Laura,White,laura.white.1124@example.com,France,2025-05-03
1125,Marie,White,marie.white.1125@example.com,Italy,2024-10-26
1126,John,Anderson,john.anderson.1126@example.com,Switzerland,2025-01-17
1127,Claire,Wilson,claire.wilson.1127@example.com,Spain,2025-02-08
1128,Alex,Harris,alex.harris.1128@example.com,Belgium,2025-01-22
1129,Michael,Wilson,michael.wilson.1129@example.com,Belgium,2025-10-02
1130,Lucas,Moore,lucas.moore.1130@example.com,Belgium,2026-01-30
1131,Marie,Martin,marie.martin.1131@example.com,Spain,2026-05-23
1132,David,Williams,david.williams.1132@example.com,United Kingdom,2024-04-23
1133,Paul,Williams,paul.williams.1133@example.com,United Kingdom,2025-12-18
1134,James,Miller,james.miller.1134@example.com,France,2024-01-20
1135,Claire,Smith,claire.smith.1135@example.com,Belgium,2024-07-09
1136,Daniel,Brown,daniel.brown.1136@example.com,France,2026-01-02
1137,Olivia,Johnson,olivia.johnson.1137@example.com,United Kingdom,2024-06-03
1138,James,Miller,james.miller.1138@example.com,United Kingdom,2025-03-06
1139,Anna,Taylor,anna.taylor.1139@example.com,Netherlands,2025-12-14
1140,Michael,Harris,michael.harris.1140@example.com,France,2026-02-07
1141,Daniel,White,daniel.white.1141@example.com,United Kingdom,2025-02-05
1142,Sophie,Martin,sophie.martin.1142@example.com,Switzerland,2026-05-11
1143,John,Johnson,john.johnson.1143@example.com,Switzerland,2026-02-25
1144,Paul,Martin,paul.martin.1144@example.com,Italy,2026-01-25
1145,Paul,Jackson,paul.jackson.1145@example.com,Italy,2026-02-28
1146,Laura,Wilson,laura.wilson.1146@example.com,Netherlands,2025-11-28
1147,Sophie,Moore,sophie.moore.1147@example.com,Germany,2026-01-15
1148,Daniel,Taylor,daniel.taylor.1148@example.com,Italy,2025-10-15
1149,Anna,Smith,anna.smith.1149@example.com,Germany,2025-11-13
1150,Olivia,Moore,olivia.moore.1150@example.com,France,2025-03-20
1151,Sophie,White,sophie.white.1151@example.com,Germany,2024-10-09
1152,Alex,White,alex.white.1152@example.com,France,2024-09-05
1153,Laura,Jackson,laura.jackson.1153@example.com,Netherlands,2025-09-02
1154,Michael,Martin,michael.martin.1154@example.com,Germany,2024-06-10
1155,Thomas,White,thomas.white.1155@example.com,France,2025-10-02
1156,Anna,Moore,anna.moore.1156@example.com,Germany,2024-06-06
1157,David,Taylor,david.taylor.1157@example.com,Netherlands,2024-08-26
1158,Paul,Jackson,paul.jackson.1158@example.com,Switzerland,2024-07-16
1159,Anna,Jackson,anna.jackson.1159@example.com,France,2024-05-17
1160,Laura,Jackson,laura.jackson.1160@example.com,Belgium,2025-03-24
1161,Claire,Jackson,claire.jackson.1161@example.com,Spain,2025-05-16
1162,Claire,Miller,claire.miller.1162@example.com,Belgium,2024-11-27
1163,Claire,Brown,claire.brown.1163@example.com,Spain,2024-03-11
1164,Paul,Williams,paul.williams.1164@example.com,Netherlands,2026-04-19
1165,Paul,Smith,paul.smith.1165@example.com,Switzerland,2026-03-05
1166,Sophie,Smith,sophie.smith.1166@example.com,Italy,2025-09-26
1167,Thomas,Jackson,thomas.jackson.1167@example.com,Switzerland,2024-03-05
1168,James,Anderson,james.anderson.1168@example.com,Spain,2025-11-30
1169,Lucas,Miller,lucas.miller.1169@example.com,Netherlands,2025-02-23
1170,Emma,Johnson,emma.johnson.1170@example.com,Germany,2025-06-19
1171,Sarah,Harris,sarah.harris.1171@example.com,France,2024-05-12
1172,James,Johnson,james.johnson.1172@example.com,Germany,2025-05-12
1173,Sarah,Thomas,sarah.thomas.1173@example.com,United Kingdom,2025-10-19
1174,Nicolas,Thomas,nicolas.thomas.1174@example.com,Belgium,2025-12-19
1175,Sarah,Miller,sarah.miller.1175@example.com,Germany,2024-08-14
1176,John,Martin,john.martin.1176@example.com,Germany,2025-11-02
1177,Paul,White,paul.white.1177@example.com,Netherlands,2025-10-16
1178,Claire,Jackson,claire.jackson.1178@example.com,France,2025-03-01
1179,Daniel,Anderson,daniel.anderson.1179@example.com,Belgium,2024-02-11
1180,Michael,Martin,michael.martin.1180@example.com,Germany,2025-06-15
1181,Olivia,Anderson,olivia.anderson.1181@example.com,Italy,2025-01-29
1182,Nicolas,Moore,nicolas.moore.1182@example.com,Spain,2024-09-11
1183,Claire,Jackson,claire.jackson.1183@example.com,Germany,2025-07-25
1184,Anna,Moore,anna.moore.1184@example.com,Germany,2025-04-14
1185,Sophie,White,sophie.white.1185@example.com,Switzerland,2024-07-03
1186,Nicolas,Miller,nicolas.miller.1186@example.com,United Kingdom,2025-11-04
1187,Anna,Miller,anna.miller.1187@example.com,Netherlands,2025-07-17
1188,Marie,White,marie.white.1188@example.com,Netherlands,2025-10-10
1189,Olivia,Thomas,olivia.thomas.1189@example.com,Switzerland,2025-07-12
1190,Claire,Jackson,claire.jackson.1190@example.com,United Kingdom,2024-09-17
1191,Paul,Wilson,paul.wilson.1191@example.com,Belgium,2024-01-01
1192,John,Anderson,john.anderson.1192@example.com,France,2024-05-18
1193,Lucas,Martin,lucas.martin.1193@example.com,France,2024-08-07
1194,Daniel,Anderson,daniel.anderson.1194@example.com,Spain,2025-06-07
1195,Emma,Smith,emma.smith.1195@example.com,Spain,2025-04-16
1196,David,Williams,david.williams.1196@example.com,Italy,2025-01-10
1197,Olivia,Williams,olivia.williams.1197@example.com,Germany,2026-04-10
1198,Alex,Thomas,alex.thomas.1198@example.com,Netherlands,2024-08-10
1199,Laura,Brown,laura.brown.1199@example.com,Germany,2025-05-14
1200,Lucas,Smith,lucas.smith.1200@example.com,Switzerland,2026-01-18
1201,Michael,White,michael.white.1201@example.com,Netherlands,2024-02-27
1202,Marie,Wilson,marie.wilson.1202@example.com,France,2024-05-03
1203,Alex,Smith,alex.smith.1203@example.com,France,2024-11-08
1204,Thomas,Anderson,thomas.anderson.1204@example.com,Netherlands,2025-08-01
1205,Nicolas,Jackson,nicolas.jackson.1205@example.com,France,2024-08-14
1206,Alex,Taylor,alex.taylor.1206@example.com,Germany,2026-02-09
1207,Olivia,Wilson,olivia.wilson.1207@example.com,Spain,2024-10-23
1208,David,Miller,david.miller.1208@example.com,France,2024-03-25
1209,Claire,Wilson,claire.wilson.1209@example.com,Switzerland,2024-09-25
1210,Nicolas,Wilson,nicolas.wilson.1210@example.com,Spain,2026-03-03
1211,Laura,Anderson,laura.anderson.1211@example.com,Switzerland,2024-07-21
1212,James,Anderson,james.anderson.1212@example.com,Italy,2025-09-22
1213,Olivia,Johnson,olivia.johnson.1213@example.com,Netherlands,2024-09-29
1214,Michael,Johnson,michael.johnson.1214@example.com,Switzerland,2025-11-18
1215,Anna,Miller,anna.miller.1215@example.com,Netherlands,2024-07-14
1216,John,White,john.white.1216@example.com,Netherlands,2024-11-08
1217,Paul,Thomas,paul.thomas.1217@example.com,France,2024-05-29
1218,Olivia,Martin,olivia.martin.1218@example.com,Spain,2025-12-02
1219,Michael,Johnson,michael.johnson.1219@example.com,Italy,2026-01-27
1220,David,Harris,david.harris.1220@example.com,France,2026-05-02
1221,Thomas,Jackson,thomas.jackson.1221@example.com,Belgium,2026-04-03
1222,Paul,Taylor,paul.taylor.1222@example.com,Italy,2024-01-24
1223,Claire,Martin,claire.martin.1223@example.com,Belgium,2024-07-27
1224,Claire,Taylor,claire.taylor.1224@example.com,France,2025-09-29
1225,Alex,Thomas,alex.thomas.1225@example.com,France,2025-11-10
1226,Daniel,Brown,daniel.brown.1226@example.com,Italy,2024-03-02
1227,Daniel,Smith,daniel.smith.1227@example.com,France,2025-04-21
1228,Michael,Wilson,michael.wilson.1228@example.com,Netherlands,2025-11-07
1229,Emma,Smith,emma.smith.1229@example.com,Switzerland,2024-10-26
1230,Olivia,Wilson,olivia.wilson.1230@example.com,Netherlands,2025-06-04
1231,Laura,Harris,laura.harris.1231@example.com,Germany,2025-09-03
1232,Sophie,Martin,sophie.martin.1232@example.com,France,2025-05-27
1233,Sarah,Martin,sarah.martin.1233@example.com,Netherlands,2025-06-26
1234,Laura,Wilson,laura.wilson.1234@example.com,France,2026-02-01
1235,Anna,Moore,anna.moore.1235@example.com,Belgium,2024-12-26
1236,Olivia,Anderson,olivia.anderson.1236@example.com,Belgium,2024-10-09
1237,Alex,Harris,alex.harris.1237@example.com,Belgium,2024-01-31
1238,Olivia,Brown,olivia.brown.1238@example.com,Spain,2024-12-15
1239,Michael,Jackson,michael.jackson.1239@example.com,Italy,2025-01-26
1240,Marie,Martin,marie.martin.1240@example.com,Switzerland,2025-08-09
1241,Lucas,Thomas,lucas.thomas.1241@example.com,Spain,2024-12-03
1242,James,Moore,james.moore.1242@example.com,Italy,2024-05-21
1243,David,Williams,david.williams.1243@example.com,Spain,2025-12-06
1244,Marie,White,marie.white.1244@example.com,Spain,2024-05-28
1245,Thomas,Johnson,thomas.johnson.1245@example.com,Germany,2025-07-24
1246,Sophie,Miller,sophie.miller.1246@example.com,France,2026-05-09
1247,Thomas,Wilson,thomas.wilson.1247@example.com,United Kingdom,2025-02-25
1248,Daniel,Brown,daniel.brown.1248@example.com,Germany,2026-03-08
1249,David,Brown,david.brown.1249@example.com,Belgium,2024-01-27
1250,Olivia,Thomas,olivia.thomas.1250@example.com,France,2024-08-25
1251,Anna,Johnson,anna.johnson.1251@example.com,Spain,2025-12-05
1252,Nicolas,Harris,nicolas.harris.1252@example.com,Netherlands,2025-09-11
1253,Sophie,Harris,sophie.harris.1253@example.com,United Kingdom,2025-01-31
1254,David,Brown,david.brown.1254@example.com,France,2024-07-16
1255,Marie,White,marie.white.1255@example.com,Switzerland,2024-01-16
1256,Olivia,Jackson,olivia.jackson.1256@example.com,Italy,2025-11-18
1257,Michael,Brown,michael.brown.1257@example.com,United Kingdom,2025-03-25
1258,Thomas,Harris,thomas.harris.1258@example.com,Switzerland,2025-04-13
1259,Alex,White,alex.white.1259@example.com,Switzerland,2024-02-12
1260,Thomas,Wilson,thomas.wilson.1260@example.com,France,2025-09-18
1261,Nicolas,Johnson,nicolas.johnson.1261@example.com,France,2025-04-07
1262,Olivia,Anderson,olivia.anderson.1262@example.com,France,2025-07-04
1263,Claire,Wilson,claire.wilson.1263@example.com,France,2025-06-12
1264,James,Williams,james.williams.1264@example.com,Belgium,2025-03-26
1265,Lucas,Taylor,lucas.taylor.1265@example.com,Belgium,2024-06-19
1266,Sarah,Jackson,sarah.jackson.1266@example.com,United Kingdom,2025-06-13
1267,Paul,Johnson,paul.johnson.1267@example.com,Germany,2026-01-09
1268,Sophie,White,sophie.white.1268@example.com,Spain,2025-08-22
1269,Alex,Wilson,alex.wilson.1269@example.com,France,2024-11-27
1270,Sophie,Taylor,sophie.taylor.1270@example.com,United Kingdom,2025-08-27
1271,Michael,Williams,michael.williams.1271@example.com,Spain,2024-11-27
1272,Emma,Johnson,emma.johnson.1272@example.com,Netherlands,2024-04-26
1273,Michael,Anderson,michael.anderson.1273@example.com,Spain,2025-12-25
1274,Alex,Anderson,alex.anderson.1274@example.com,Spain,2025-01-24
1275,Thomas,Thomas,thomas.thomas.1275@example.com,Spain,2025-11-06
1276,David,Brown,david.brown.1276@example.com,Switzerland,2026-02-26
1277,Lucas,Williams,lucas.williams.1277@example.com,Belgium,2026-01-17
1278,Sophie,Johnson,sophie.johnson.1278@example.com,France,2024-05-14
1279,Daniel,Smith,daniel.smith.1279@example.com,United Kingdom,2025-04-14
1280,Claire,White,claire.white.1280@example.com,United Kingdom,2024-01-06
1281,Olivia,Martin,olivia.martin.1281@example.com,United Kingdom,2025-08-25
1282,Marie,Taylor,marie.taylor.1282@example.com,France,2024-03-22
1283,Olivia,Anderson,olivia.anderson.1283@example.com,Italy,2024-10-11
1284,Sarah,Brown,sarah.brown.1284@example.com,Netherlands,2024-05-31
1285,Sarah,Brown,sarah.brown.1285@example.com,Belgium,2026-05-24
1286,Thomas,Johnson,thomas.johnson.1286@example.com,Switzerland,2024-02-20
1287,Sophie,Brown,sophie.brown.1287@example.com,Spain,2025-11-19
1288,Paul,Jackson,paul.jackson.1288@example.com,France,2025-08-15
1289,Michael,White,michael.white.1289@example.com,Netherlands,2024-11-02
1290,Alex,Harris,alex.harris.1290@example.com,Germany,2024-03-10
1291,Lucas,Taylor,lucas.taylor.1291@example.com,Belgium,2024-05-17
1292,Thomas,Anderson,thomas.anderson.1292@example.com,Italy,2025-02-27
1293,James,Thomas,james.thomas.1293@example.com,Germany,2024-02-29
1294,Laura,Jackson,laura.jackson.1294@example.com,Belgium,2025-12-06
1295,Marie,Thomas,marie.thomas.1295@example.com,Belgium,2026-05-18
1296,Nicolas,Thomas,nicolas.thomas.1296@example.com,Spain,2025-09-30
1297,Laura,Anderson,laura.anderson.1297@example.com,United Kingdom,2026-01-16
1298,Laura,White,laura.white.1298@example.com,Italy,2024-07-03
1299,Lucas,Martin,lucas.martin.1299@example.com,France,2024-01-02
1300,Paul,Moore,paul.moore.1300@example.com,Italy,2026-03-26
1301,Marie,Wilson,marie.wilson.1301@example.com,Netherlands,2024-02-16
1302,Claire,White,claire.white.1302@example.com,France,2025-10-14
1303,James,Jackson,james.jackson.1303@example.com,Germany,2024-10-15
1304,Lucas,Williams,lucas.williams.1304@example.com,Netherlands,2025-06-02
1305,John,Johnson,john.johnson.1305@example.com,Netherlands,2025-12-03
1306,Alex,Jackson,alex.jackson.1306@example.com,France,2025-08-05
1307,Sophie,Martin,sophie.martin.1307@example.com,United Kingdom,2024-12-04
1308,Laura,White,laura.white.1308@example.com,Spain,2024-02-06
1309,Laura,Brown,laura.brown.1309@example.com,Netherlands,2025-10-04
1310,Paul,White,paul.white.1310@example.com,France,2026-04-13
1311,Nicolas,Williams,nicolas.williams.1311@example.com,France,2025-08-01
1312,James,Thomas,james.thomas.1312@example.com,Netherlands,2025-12-02
1313,Michael,Brown,michael.brown.1313@example.com,Netherlands,2024-10-14
1314,Alex,Moore,alex.moore.1314@example.com,Switzerland,2025-07-01
1315,Sophie,Thomas,sophie.thomas.1315@example.com,Netherlands,2024-04-29
1316,Sarah,Williams,sarah.williams.1316@example.com,United Kingdom,2025-02-27
1317,Olivia,Miller,olivia.miller.1317@example.com,Italy,2025-04-07
1318,Nicolas,Williams,nicolas.williams.1318@example.com,Netherlands,2024-06-28
1319,Sarah,White,sarah.white.1319@example.com,United Kingdom,2024-07-25
1320,Nicolas,Smith,nicolas.smith.1320@example.com,Spain,2026-03-29
1321,James,Miller,james.miller.1321@example.com,Belgium,2025-05-10
1322,Thomas,Brown,thomas.brown.1322@example.com,Spain,2026-02-26
1323,James,Jackson,james.jackson.1323@example.com,Switzerland,2024-02-07
1324,Nicolas,Johnson,nicolas.johnson.1324@example.com,France,2024-01-05
1325,Michael,Miller,michael.miller.1325@example.com,Germany,2025-04-23
1326,Nicolas,White,nicolas.white.1326@example.com,France,2025-11-05
1327,Lucas,Moore,lucas.moore.1327@example.com,Italy,2024-08-02
1328,James,Williams,james.williams.1328@example.com,Netherlands,2024-10-10
1329,Paul,Moore,paul.moore.1329@example.com,Spain,2024-04-30
1330,Sophie,Williams,sophie.williams.1330@example.com,Germany,2024-04-27
1331,James,Anderson,james.anderson.1331@example.com,Netherlands,2024-12-24
1332,Daniel,Brown,daniel.brown.1332@example.com,Italy,2025-12-22
1333,Sophie,Johnson,sophie.johnson.1333@example.com,Netherlands,2024-11-14
1334,Claire,Taylor,claire.taylor.1334@example.com,France,2024-02-21
1335,Laura,Moore,laura.moore.1335@example.com,Switzerland,2024-02-21
1336,Sarah,Johnson,sarah.johnson.1336@example.com,Spain,2025-03-12
1337,Paul,Thomas,paul.thomas.1337@example.com,Netherlands,2024-12-30
1338,James,Jackson,james.jackson.1338@example.com,Germany,2026-02-15
1339,Paul,Thomas,paul.thomas.1339@example.com,United Kingdom,2024-05-14
1340,Emma,Taylor,emma.taylor.1340@example.com,United Kingdom,2024-11-13
1341,Laura,Martin,laura.martin.1341@example.com,Belgium,2024-08-17
1342,Anna,Wilson,anna.wilson.1342@example.com,Netherlands,2024-07-06
1343,Paul,Taylor,paul.taylor.1343@example.com,United Kingdom,2024-01-31
1344,Emma,Miller,emma.miller.1344@example.com,Spain,2025-05-05
1345,Lucas,White,lucas.white.1345@example.com,Spain,2024-12-22
1346,Nicolas,Johnson,nicolas.johnson.1346@example.com,Netherlands,2025-02-19
1347,Claire,Moore,claire.moore.1347@example.com,United Kingdom,2024-03-13
1348,Alex,Thomas,alex.thomas.1348@example.com,Italy,2025-02-27
1349,Claire,Brown,claire.brown.1349@example.com,Germany,2025-05-08
1350,Thomas,Martin,thomas.martin.1350@example.com,Switzerland,2026-04-13
1351,Marie,Thomas,marie.thomas.1351@example.com,Italy,2026-03-17
1352,Sophie,Moore,sophie.moore.1352@example.com,United Kingdom,2025-11-16
1353,Emma,Thomas,emma.thomas.1353@example.com,Netherlands,2025-09-02
1354,Claire,Johnson,claire.johnson.1354@example.com,Spain,2026-04-21
1355,Lucas,Wilson,lucas.wilson.1355@example.com,Germany,2024-03-12
1356,Alex,Miller,alex.miller.1356@example.com,France,2025-05-21
1357,Michael,Martin,michael.martin.1357@example.com,France,2026-04-16
1358,David,Moore,david.moore.1358@example.com,Belgium,2024-06-01
1359,Alex,Thomas,alex.thomas.1359@example.com,Italy,2025-08-14
1360,James,Moore,james.moore.1360@example.com,Belgium,2024-11-20
1361,Marie,Jackson,marie.jackson.1361@example.com,France,2024-12-18
1362,Nicolas,Wilson,nicolas.wilson.1362@example.com,Belgium,2026-05-17
1363,Sarah,Miller,sarah.miller.1363@example.com,France,2025-07-16
1364,Claire,Harris,claire.harris.1364@example.com,Belgium,2025-01-02
1365,John,Martin,john.martin.1365@example.com,Switzerland,2025-03-18
1366,Thomas,Jackson,thomas.jackson.1366@example.com,Switzerland,2025-01-26
1367,Marie,Anderson,marie.anderson.1367@example.com,United Kingdom,2024-08-04
1368,David,Martin,david.martin.1368@example.com,Netherlands,2025-07-22
1369,Marie,Brown,marie.brown.1369@example.com,Spain,2024-10-22
1370,John,Johnson,john.johnson.1370@example.com,Spain,2025-10-25
1371,Laura,Moore,laura.moore.1371@example.com,Germany,2025-03-23
1372,David,Moore,david.moore.1372@example.com,United Kingdom,2026-04-05
1373,Marie,Thomas,marie.thomas.1373@example.com,Switzerland,2024-07-03
1374,Claire,Harris,claire.harris.1374@example.com,Netherlands,2025-04-05
1375,Olivia,Brown,olivia.brown.1375@example.com,France,2025-03-10
1376,Laura,Harris,laura.harris.1376@example.com,Belgium,2026-01-18
1377,Marie,Anderson,marie.anderson.1377@example.com,France,2025-08-13
1378,Sarah,Thomas,sarah.thomas.1378@example.com,Germany,2025-05-09
1379,Laura,Jackson,laura.jackson.1379@example.com,Belgium,2024-03-22
1380,Paul,Anderson,paul.anderson.1380@example.com,Germany,2024-03-21
1381,Olivia,Taylor,olivia.taylor.1381@example.com,Belgium,2025-10-07
1382,Sarah,Miller,sarah.miller.1382@example.com,United Kingdom,2025-07-01
1383,Paul,Anderson,paul.anderson.1383@example.com,Netherlands,2025-04-25
1384,Marie,Miller,marie.miller.1384@example.com,Belgium,2026-03-28
1385,Sophie,Smith,sophie.smith.1385@example.com,Belgium,2025-12-12
1386,Daniel,Smith,daniel.smith.1386@example.com,Spain,2025-10-06
1387,Sarah,Moore,sarah.moore.1387@example.com,France,2024-10-25
1388,Lucas,Taylor,lucas.taylor.1388@example.com,Germany,2024-03-25
1389,Daniel,Williams,daniel.williams.1389@example.com,Belgium,2024-05-15
1390,Daniel,Harris,daniel.harris.1390@example.com,Germany,2024-09-20
1391,Sophie,Thomas,sophie.thomas.1391@example.com,United Kingdom,2026-01-26
1392,Anna,White,anna.white.1392@example.com,Italy,2024-06-28
1393,Laura,Brown,laura.brown.1393@example.com,France,2026-03-29
1394,Thomas,Johnson,thomas.johnson.1394@example.com,Spain,2024-05-28
1395,Laura,White,laura.white.1395@example.com,Italy,2025-02-26
1396,Paul,Jackson,paul.jackson.1396@example.com,Italy,2025-10-14
1397,Anna,Smith,anna.smith.1397@example.com,Germany,2025-10-19
1398,Sarah,Brown,sarah.brown.1398@example.com,United Kingdom,2025-04-20
1399,Lucas,Taylor,lucas.taylor.1399@example.com,Italy,2026-02-03
1400,Alex,Moore,alex.moore.1400@example.com,United Kingdom,2025-12-23
1401,Daniel,Brown,daniel.brown.1401@example.com,France,2025-06-27
1402,Lucas,White,lucas.white.1402@example.com,Netherlands,2025-04-04
1403,Nicolas,Moore,nicolas.moore.1403@example.com,Netherlands,2024-02-12
1404,Marie,Thomas,marie.thomas.1404@example.com,Netherlands,2025-10-29
1405,Daniel,Williams,daniel.williams.1405@example.com,Belgium,2026-04-01
1406,Alex,Taylor,alex.taylor.1406@example.com,Italy,2026-03-02
1407,Nicolas,Miller,nicolas.miller.1407@example.com,Netherlands,2025-11-24
1408,Claire,Smith,claire.smith.1408@example.com,Germany,2025-11-19
1409,John,Wilson,john.wilson.1409@example.com,Germany,2024-04-10
1410,Paul,Miller,paul.miller.1410@example.com,Belgium,2024-08-12
1411,James,Smith,james.smith.1411@example.com,Germany,2024-01-25
1412,Sarah,Thomas,sarah.thomas.1412@example.com,Germany,2025-11-03
1413,Emma,Johnson,emma.johnson.1413@example.com,Spain,2026-05-26
1414,Alex,Moore,alex.moore.1414@example.com,Spain,2026-02-21
1415,Emma,Jackson,emma.jackson.1415@example.com,Belgium,2024-07-07
1416,Paul,Moore,paul.moore.1416@example.com,United Kingdom,2024-03-18
1417,Daniel,White,daniel.white.1417@example.com,Belgium,2025-03-13
1418,Sophie,White,sophie.white.1418@example.com,France,2024-03-16
1419,Alex,Wilson,alex.wilson.1419@example.com,Belgium,2024-12-06
1420,Daniel,Brown,daniel.brown.1420@example.com,United Kingdom,2025-03-27
1421,James,Thomas,james.thomas.1421@example.com,United Kingdom,2025-02-06
1422,Emma,Brown,emma.brown.1422@example.com,Italy,2025-07-07
1423,Emma,Taylor,emma.taylor.1423@example.com,Germany,2026-01-02
1424,Sarah,Johnson,sarah.johnson.1424@example.com,Belgium,2024-03-13
1425,Paul,Smith,paul.smith.1425@example.com,France,2025-05-24
1426,Sarah,Moore,sarah.moore.1426@example.com,Spain,2025-02-03
1427,Thomas,Wilson,thomas.wilson.1427@example.com,United Kingdom,2025-08-11
1428,Laura,Wilson,laura.wilson.1428@example.com,Italy,2025-02-17
1429,John,Wilson,john.wilson.1429@example.com,Germany,2025-12-06
1430,Claire,Miller,claire.miller.1430@example.com,Switzerland,2024-12-07
1431,Sarah,Moore,sarah.moore.1431@example.com,Netherlands,2025-10-24
1432,Claire,Harris,claire.harris.1432@example.com,United Kingdom,2024-12-14
1433,Lucas,Moore,lucas.moore.1433@example.com,France,2024-07-26
1434,Alex,Moore,alex.moore.1434@example.com,Switzerland,2024-07-14
1435,Emma,Moore,emma.moore.1435@example.com,United Kingdom,2025-12-06
1436,Michael,Moore,michael.moore.1436@example.com,Spain,2025-03-24
1437,Sarah,Martin,sarah.martin.1437@example.com,Italy,2024-01-26
1438,Laura,Wilson,laura.wilson.1438@example.com,Belgium,2024-03-05
1439,Laura,Anderson,laura.anderson.1439@example.com,France,2026-05-04
1440,Sarah,Miller,sarah.miller.1440@example.com,France,2024-02-27
1441,Alex,Johnson,alex.johnson.1441@example.com,United Kingdom,2024-08-04
1442,Claire,Brown,claire.brown.1442@example.com,Italy,2026-01-28
1443,Michael,Smith,michael.smith.1443@example.com,United Kingdom,2026-01-23
1444,John,Taylor,john.taylor.1444@example.com,Italy,2025-09-25
1445,David,Smith,david.smith.1445@example.com,France,2024-06-25
1446,Lucas,Harris,lucas.harris.1446@example.com,United Kingdom,2026-03-23
1447,Sophie,Harris,sophie.harris.1447@example.com,Germany,2025-08-28
1448,Emma,Taylor,emma.taylor.1448@example.com,Italy,2025-09-01
1449,Michael,White,michael.white.1449@example.com,Netherlands,2024-07-26
1450,Alex,Miller,alex.miller.1450@example.com,Spain,2024-05-03
1451,Thomas,Harris,thomas.harris.1451@example.com,France,2026-03-23
1452,Sophie,Miller,sophie.miller.1452@example.com,Belgium,2024-03-05
1453,David,White,david.white.1453@example.com,Netherlands,2025-03-01
1454,Claire,Brown,claire.brown.1454@example.com,France,2025-03-25
1455,David,Johnson,david.johnson.1455@example.com,Switzerland,2026-03-21
1456,Sophie,Smith,sophie.smith.1456@example.com,France,2025-05-13
1457,John,Brown,john.brown.1457@example.com,Belgium,2024-04-01
1458,Marie,Jackson,marie.jackson.1458@example.com,Spain,2026-04-06
1459,James,Brown,james.brown.1459@example.com,United Kingdom,2025-10-17
1460,Marie,Martin,marie.martin.1460@example.com,France,2024-06-27
1461,Sophie,Jackson,sophie.jackson.1461@example.com,Germany,2025-05-26
1462,Lucas,Miller,lucas.miller.1462@example.com,Italy,2025-03-04
1463,James,Johnson,james.johnson.1463@example.com,Netherlands,2025-06-26
1464,Claire,Anderson,claire.anderson.1464@example.com,Italy,2024-08-12
1465,Daniel,Smith,daniel.smith.1465@example.com,Spain,2024-07-17
1466,Laura,Taylor,laura.taylor.1466@example.com,France,2024-06-29
1467,Sarah,Moore,sarah.moore.1467@example.com,Italy,2025-01-07
1468,Marie,Williams,marie.williams.1468@example.com,United Kingdom,2024-12-08
1469,Sarah,Johnson,sarah.johnson.1469@example.com,Spain,2026-01-28
1470,Sophie,White,sophie.white.1470@example.com,Germany,2024-01-30
1471,Michael,Martin,michael.martin.1471@example.com,Netherlands,2026-01-08
1472,Marie,Martin,marie.martin.1472@example.com,Italy,2026-02-04
1473,Emma,Miller,emma.miller.1473@example.com,Italy,2024-08-21
1474,Marie,Harris,marie.harris.1474@example.com,Italy,2024-07-23
1475,Michael,Taylor,michael.taylor.1475@example.com,France,2025-08-22
1476,Marie,Brown,marie.brown.1476@example.com,United Kingdom,2024-08-09
1477,Sophie,Wilson,sophie.wilson.1477@example.com,United Kingdom,2025-01-17
1478,James,Moore,james.moore.1478@example.com,Italy,2025-01-02
1479,Thomas,Brown,thomas.brown.1479@example.com,France,2024-02-02
1480,Daniel,Brown,daniel.brown.1480@example.com,United Kingdom,2024-04-23
1481,Marie,Brown,marie.brown.1481@example.com,Italy,2026-02-17
1482,Lucas,Thomas,lucas.thomas.1482@example.com,Spain,2024-06-09
1483,Claire,Harris,claire.harris.1483@example.com,Switzerland,2024-08-23
1484,Nicolas,Taylor,nicolas.taylor.1484@example.com,United Kingdom,2026-06-01
1485,Paul,Williams,paul.williams.1485@example.com,Italy,2024-01-15
1486,Olivia,Miller,olivia.miller.1486@example.com,Italy,2025-03-20
1487,David,Thomas,david.thomas.1487@example.com,France,2024-01-06
1488,Sarah,Taylor,sarah.taylor.1488@example.com,France,2026-01-21
1489,Marie,Anderson,marie.anderson.1489@example.com,Germany,2025-02-07
1490,Paul,Taylor,paul.taylor.1490@example.com,France,2024-09-03
1491,Marie,Martin,marie.martin.1491@example.com,Belgium,2024-05-15
1492,Olivia,Moore,olivia.moore.1492@example.com,United Kingdom,2024-04-02
1493,Lucas,Brown,lucas.brown.1493@example.com,France,2025-12-21
1494,Paul,Taylor,paul.taylor.1494@example.com,Switzerland,2026-03-01
1495,Sophie,White,sophie.white.1495@example.com,United Kingdom,2025-01-14
1496,John,Harris,john.harris.1496@example.com,Switzerland,2025-10-04
1497,Thomas,Anderson,thomas.anderson.1497@example.com,Switzerland,2024-02-03
1498,Daniel,Jackson,daniel.jackson.1498@example.com,Italy,2025-09-19
1499,Michael,Thomas,michael.thomas.1499@example.com,Netherlands,2024-12-09
1500,Sarah,Johnson,sarah.johnson.1500@example.com,United Kingdom,2025-01-27
1501,Sarah,Miller,sarah.miller.1501@example.com,Germany,2025-01-10
1502,Claire,Jackson,claire.jackson.1502@example.com,Spain,2026-03-03
1503,Thomas,Martin,thomas.martin.1503@example.com,United Kingdom,2025-07-06
1504,James,White,james.white.1504@example.com,Netherlands,2026-02-01
1505,Anna,Williams,anna.williams.1505@example.com,Belgium,2025-05-30
1506,Sarah,Johnson,sarah.johnson.1506@example.com,United Kingdom,2025-01-16
1507,Laura,Anderson,laura.anderson.1507@example.com,United Kingdom,2025-06-23
1508,Claire,Moore,claire.moore.1508@example.com,Belgium,2026-04-25
1509,Paul,Thomas,paul.thomas.1509@example.com,Italy,2025-01-11
1510,Paul,Johnson,paul.johnson.1510@example.com,Spain,2024-03-23
1511,Lucas,Johnson,lucas.johnson.1511@example.com,Belgium,2024-04-21
1512,Emma,Jackson,emma.jackson.1512@example.com,Spain,2024-05-31
1513,James,Anderson,james.anderson.1513@example.com,Belgium,2025-10-04
1514,Marie,Moore,marie.moore.1514@example.com,United Kingdom,2025-07-08
1515,Anna,Wilson,anna.wilson.1515@example.com,France,2025-03-30
1516,Lucas,Martin,lucas.martin.1516@example.com,Italy,2024-03-05
1517,Nicolas,Moore,nicolas.moore.1517@example.com,Netherlands,2024-12-09
1518,Thomas,Taylor,thomas.taylor.1518@example.com,United Kingdom,2025-08-30
1519,Paul,Williams,paul.williams.1519@example.com,Belgium,2025-08-03
1520,Sophie,White,sophie.white.1520@example.com,United Kingdom,2024-09-23
1521,Anna,Williams,anna.williams.1521@example.com,Spain,2026-02-27
1522,Anna,Williams,anna.williams.1522@example.com,Spain,2025-04-11
1523,Claire,Williams,claire.williams.1523@example.com,Spain,2024-07-05
1524,Sophie,Martin,sophie.martin.1524@example.com,Netherlands,2024-04-29
1525,David,Taylor,david.taylor.1525@example.com,Spain,2024-09-23
1526,James,Anderson,james.anderson.1526@example.com,Netherlands,2025-12-25
1527,Anna,Brown,anna.brown.1527@example.com,Spain,2025-01-16
1528,Claire,Williams,claire.williams.1528@example.com,Switzerland,2024-05-04
1529,Laura,White,laura.white.1529@example.com,Netherlands,2024-05-28
1530,David,Smith,david.smith.1530@example.com,Netherlands,2026-01-26
1531,Lucas,Taylor,lucas.taylor.1531@example.com,Spain,2024-10-23
1532,Paul,Miller,paul.miller.1532@example.com,United Kingdom,2025-12-06
1533,Sarah,Brown,sarah.brown.1533@example.com,Germany,2025-11-25
1534,Lucas,Smith,lucas.smith.1534@example.com,Italy,2025-02-15
1535,Paul,Miller,paul.miller.1535@example.com,France,2024-04-04
1536,James,Thomas,james.thomas.1536@example.com,Belgium,2025-06-23
1537,James,Smith,james.smith.1537@example.com,United Kingdom,2024-03-26
1538,Michael,Anderson,michael.anderson.1538@example.com,United Kingdom,2025-02-07
1539,Thomas,Thomas,thomas.thomas.1539@example.com,France,2025-09-11
1540,Anna,Wilson,anna.wilson.1540@example.com,Netherlands,2024-05-31
1541,Alex,Miller,alex.miller.1541@example.com,Netherlands,2024-01-13
1542,Anna,Williams,anna.williams.1542@example.com,Germany,2025-04-01
1543,James,Jackson,james.jackson.1543@example.com,United Kingdom,2025-03-30
1544,Lucas,Brown,lucas.brown.1544@example.com,Switzerland,2026-04-05
1545,David,Harris,david.harris.1545@example.com,Germany,2025-08-24
1546,David,Martin,david.martin.1546@example.com,Netherlands,2024-11-06
1547,Michael,Thomas,michael.thomas.1547@example.com,Germany,2026-02-13
1548,John,Wilson,john.wilson.1548@example.com,Switzerland,2025-10-16
1549,Sophie,Anderson,sophie.anderson.1549@example.com,Spain,2025-04-18
1550,James,Brown,james.brown.1550@example.com,Belgium,2026-05-02
1551,Claire,Taylor,claire.taylor.1551@example.com,Belgium,2024-02-13
1552,Laura,Anderson,laura.anderson.1552@example.com,Italy,2026-01-27
1553,John,White,john.white.1553@example.com,Belgium,2024-01-03
1554,Lucas,Moore,lucas.moore.1554@example.com,United Kingdom,2026-05-04
1555,Emma,Moore,emma.moore.1555@example.com,Switzerland,2025-11-12
1556,Sophie,Taylor,sophie.taylor.1556@example.com,Italy,2025-12-05
1557,John,Johnson,john.johnson.1557@example.com,United Kingdom,2026-02-22
1558,Michael,Thomas,michael.thomas.1558@example.com,United Kingdom,2026-02-02
1559,Marie,Harris,marie.harris.1559@example.com,United Kingdom,2024-09-21
1560,Emma,Miller,emma.miller.1560@example.com,France,2025-06-08
1561,Daniel,Brown,daniel.brown.1561@example.com,Spain,2025-08-18
1562,Thomas,Taylor,thomas.taylor.1562@example.com,Netherlands,2025-12-10
1563,Sophie,Smith,sophie.smith.1563@example.com,Switzerland,2024-10-06
1564,Anna,Smith,anna.smith.1564@example.com,Germany,2024-10-23
1565,Nicolas,Martin,nicolas.martin.1565@example.com,Spain,2026-02-23
1566,Emma,Thomas,emma.thomas.1566@example.com,Netherlands,2026-02-09
1567,Thomas,Harris,thomas.harris.1567@example.com,Belgium,2026-05-15
1568,Anna,Johnson,anna.johnson.1568@example.com,Netherlands,2025-07-01
1569,David,Smith,david.smith.1569@example.com,Belgium,2024-05-20
1570,Anna,White,anna.white.1570@example.com,Netherlands,2025-05-11
1571,Sophie,Johnson,sophie.johnson.1571@example.com,Italy,2024-08-11
1572,James,White,james.white.1572@example.com,Germany,2025-07-26
1573,Marie,Taylor,marie.taylor.1573@example.com,Spain,2024-03-19
1574,John,Taylor,john.taylor.1574@example.com,Netherlands,2024-12-22
1575,David,Harris,david.harris.1575@example.com,Netherlands,2025-03-28
1576,Sophie,Jackson,sophie.jackson.1576@example.com,Germany,2024-11-07
1577,Olivia,Brown,olivia.brown.1577@example.com,Italy,2026-05-27
1578,Lucas,Brown,lucas.brown.1578@example.com,Germany,2024-08-02
1579,Marie,Jackson,marie.jackson.1579@example.com,Germany,2026-02-20
1580,John,White,john.white.1580@example.com,France,2025-05-10
1581,James,Johnson,james.johnson.1581@example.com,France,2024-02-03
1582,Laura,Johnson,laura.johnson.1582@example.com,Germany,2024-09-16
1583,Lucas,Moore,lucas.moore.1583@example.com,Germany,2024-01-11
1584,James,Thomas,james.thomas.1584@example.com,Netherlands,2024-07-23
1585,John,Johnson,john.johnson.1585@example.com,Netherlands,2024-05-29
1586,Anna,Brown,anna.brown.1586@example.com,Italy,2026-05-25
1587,Nicolas,Thomas,nicolas.thomas.1587@example.com,France,2024-03-10
1588,Nicolas,Martin,nicolas.martin.1588@example.com,Belgium,2026-01-02
1589,Sophie,White,sophie.white.1589@example.com,Germany,2025-07-04
1590,James,Anderson,james.anderson.1590@example.com,Netherlands,2026-05-21
1591,Sophie,Taylor,sophie.taylor.1591@example.com,Spain,2025-11-20
1592,Anna,Wilson,anna.wilson.1592@example.com,Italy,2025-03-10
1593,Marie,Johnson,marie.johnson.1593@example.com,Germany,2026-02-18
1594,Paul,Johnson,paul.johnson.1594@example.com,United Kingdom,2025-06-16
1595,Anna,Jackson,anna.jackson.1595@example.com,France,2024-10-22
1596,Michael,Miller,michael.miller.1596@example.com,Switzerland,2025-05-20
1597,Lucas,Taylor,lucas.taylor.1597@example.com,United Kingdom,2025-09-06
1598,Olivia,Anderson,olivia.anderson.1598@example.com,Switzerland,2025-02-21
1599,James,Harris,james.harris.1599@example.com,Netherlands,2024-03-12
1600,Sophie,Smith,sophie.smith.1600@example.com,Germany,2025-11-21
1601,Alex,Taylor,alex.taylor.1601@example.com,Germany,2025-06-19
1602,Emma,Brown,emma.brown.1602@example.com,Germany,2025-02-08
1603,Sophie,Johnson,sophie.johnson.1603@example.com,Netherlands,2025-01-07
1604,James,Thomas,james.thomas.1604@example.com,Germany,2026-05-14
1605,Olivia,Harris,olivia.harris.1605@example.com,Belgium,2025-03-10
1606,Daniel,White,daniel.white.1606@example.com,Switzerland,2026-03-19
1607,Anna,Taylor,anna.taylor.1607@example.com,Switzerland,2025-11-13
1608,Laura,Anderson,laura.anderson.1608@example.com,United Kingdom,2024-10-12
1609,Emma,Johnson,emma.johnson.1609@example.com,United Kingdom,2024-09-13
1610,Olivia,Moore,olivia.moore.1610@example.com,Germany,2024-05-17
1611,Sarah,Harris,sarah.harris.1611@example.com,France,2024-03-10
1612,Sophie,Wilson,sophie.wilson.1612@example.com,Spain,2025-09-11
1613,Lucas,Thomas,lucas.thomas.1613@example.com,Germany,2025-09-30
1614,Nicolas,White,nicolas.white.1614@example.com,Italy,2025-05-19
1615,Lucas,Moore,lucas.moore.1615@example.com,Belgium,2025-05-24
1616,Claire,Miller,claire.miller.1616@example.com,France,2026-04-08
1617,Sarah,Wilson,sarah.wilson.1617@example.com,United Kingdom,2024-05-01
1618,Thomas,Harris,thomas.harris.1618@example.com,United Kingdom,2025-01-20
1619,Sarah,Smith,sarah.smith.1619@example.com,Belgium,2024-06-30
1620,Sophie,Taylor,sophie.taylor.1620@example.com,Belgium,2025-03-17
1621,Alex,Taylor,alex.taylor.1621@example.com,United Kingdom,2026-02-21
1622,Claire,Moore,claire.moore.1622@example.com,United Kingdom,2025-07-06
1623,Laura,Anderson,laura.anderson.1623@example.com,France,2026-05-24
1624,Alex,Williams,alex.williams.1624@example.com,Switzerland,2025-05-21
1625,Anna,White,anna.white.1625@example.com,France,2024-10-18
1626,John,Thomas,john.thomas.1626@example.com,Netherlands,2024-02-16
1627,Anna,White,anna.white.1627@example.com,France,2026-01-29
1628,Thomas,Wilson,thomas.wilson.1628@example.com,Netherlands,2024-04-09
1629,Anna,Wilson,anna.wilson.1629@example.com,Italy,2024-12-25
1630,Olivia,Martin,olivia.martin.1630@example.com,Germany,2025-10-25
1631,Michael,Harris,michael.harris.1631@example.com,Netherlands,2024-11-08
1632,Sophie,Smith,sophie.smith.1632@example.com,France,2025-07-05
1633,Paul,Moore,paul.moore.1633@example.com,Switzerland,2025-03-08
1634,Daniel,Smith,daniel.smith.1634@example.com,France,2025-12-13
1635,Thomas,Wilson,thomas.wilson.1635@example.com,Netherlands,2025-08-07
1636,Emma,White,emma.white.1636@example.com,Italy,2025-05-15
1637,Thomas,Taylor,thomas.taylor.1637@example.com,Spain,2025-05-29
1638,Lucas,Miller,lucas.miller.1638@example.com,United Kingdom,2025-03-22
1639,Michael,Harris,michael.harris.1639@example.com,Italy,2026-05-20
1640,Lucas,Williams,lucas.williams.1640@example.com,Switzerland,2024-02-18
1641,Olivia,Thomas,olivia.thomas.1641@example.com,Germany,2026-01-30
1642,Thomas,Williams,thomas.williams.1642@example.com,United Kingdom,2024-03-09
1643,Marie,Martin,marie.martin.1643@example.com,Belgium,2024-12-21
1644,Nicolas,White,nicolas.white.1644@example.com,Netherlands,2024-11-03
1645,James,Wilson,james.wilson.1645@example.com,United Kingdom,2025-02-15
1646,Claire,Brown,claire.brown.1646@example.com,Spain,2024-01-20
1647,Laura,Martin,laura.martin.1647@example.com,Belgium,2025-11-07
1648,Claire,White,claire.white.1648@example.com,France,2025-09-21
1649,Nicolas,Martin,nicolas.martin.1649@example.com,Spain,2025-01-08
1650,Olivia,Brown,olivia.brown.1650@example.com,Switzerland,2026-02-03
1651,Marie,Miller,marie.miller.1651@example.com,Italy,2026-05-30
1652,Marie,Williams,marie.williams.1652@example.com,Spain,2026-04-23
1653,Daniel,Moore,daniel.moore.1653@example.com,Switzerland,2025-09-07
1654,Olivia,Johnson,olivia.johnson.1654@example.com,France,2024-06-02
1655,Olivia,White,olivia.white.1655@example.com,United Kingdom,2026-04-27
1656,Laura,Anderson,laura.anderson.1656@example.com,France,2025-03-22
1657,James,Brown,james.brown.1657@example.com,France,2024-10-06
1658,Daniel,White,daniel.white.1658@example.com,Spain,2026-04-02
1659,Sarah,Jackson,sarah.jackson.1659@example.com,France,2025-05-12
1660,Michael,Miller,michael.miller.1660@example.com,Germany,2025-09-08
1661,Marie,Miller,marie.miller.1661@example.com,Germany,2025-11-18
1662,Alex,Harris,alex.harris.1662@example.com,Italy,2026-01-11
1663,Emma,Thomas,emma.thomas.1663@example.com,Germany,2026-01-22
1664,Nicolas,Moore,nicolas.moore.1664@example.com,Belgium,2026-04-28
1665,Laura,Johnson,laura.johnson.1665@example.com,Germany,2024-08-31
1666,Thomas,Miller,thomas.miller.1666@example.com,Switzerland,2026-05-02
1667,Olivia,Wilson,olivia.wilson.1667@example.com,Germany,2024-08-11
1668,Sophie,Martin,sophie.martin.1668@example.com,Switzerland,2024-10-08
1669,Daniel,Harris,daniel.harris.1669@example.com,United Kingdom,2025-08-26
1670,Claire,Miller,claire.miller.1670@example.com,Netherlands,2025-12-17
1671,Claire,Wilson,claire.wilson.1671@example.com,Belgium,2025-05-01
1672,David,Miller,david.miller.1672@example.com,Belgium,2025-05-01
1673,John,Moore,john.moore.1673@example.com,France,2025-09-12
1674,Olivia,Williams,olivia.williams.1674@example.com,Belgium,2025-07-19
1675,Anna,White,anna.white.1675@example.com,Italy,2025-12-02
1676,Paul,Wilson,paul.wilson.1676@example.com,Belgium,2024-01-09
1677,Lucas,Johnson,lucas.johnson.1677@example.com,Belgium,2026-04-22
1678,James,Harris,james.harris.1678@example.com,Netherlands,2024-06-13
1679,Marie,White,marie.white.1679@example.com,Germany,2024-02-04
1680,Laura,Taylor,laura.taylor.1680@example.com,Netherlands,2026-01-24
1681,Marie,Harris,marie.harris.1681@example.com,Belgium,2024-04-12
1682,Nicolas,Johnson,nicolas.johnson.1682@example.com,Netherlands,2024-12-26
1683,Paul,Jackson,paul.jackson.1683@example.com,Spain,2024-01-29
1684,Paul,White,paul.white.1684@example.com,France,2025-10-18
1685,Alex,Martin,alex.martin.1685@example.com,Netherlands,2025-10-05
1686,Michael,Johnson,michael.johnson.1686@example.com,Spain,2024-06-10
1687,Marie,White,marie.white.1687@example.com,United Kingdom,2024-11-23
1688,David,Williams,david.williams.1688@example.com,Netherlands,2024-06-26
1689,Lucas,Martin,lucas.martin.1689@example.com,Netherlands,2024-03-27
1690,Sophie,Wilson,sophie.wilson.1690@example.com,Italy,2025-01-21
1691,John,Smith,john.smith.1691@example.com,Italy,2025-07-25
1692,Michael,Taylor,michael.taylor.1692@example.com,Spain,2024-07-22
1693,Sarah,Wilson,sarah.wilson.1693@example.com,Belgium,2025-09-24
1694,David,Johnson,david.johnson.1694@example.com,Germany,2025-01-11
1695,John,Jackson,john.jackson.1695@example.com,United Kingdom,2025-06-22
1696,Laura,Johnson,laura.johnson.1696@example.com,Italy,2024-08-17
1697,Daniel,Williams,daniel.williams.1697@example.com,Switzerland,2026-02-03
1698,David,Wilson,david.wilson.1698@example.com,Italy,2026-05-26
1699,Lucas,Jackson,lucas.jackson.1699@example.com,Switzerland,2025-11-24
1700,Sophie,Wilson,sophie.wilson.1700@example.com,France,2026-03-22
1701,Lucas,Williams,lucas.williams.1701@example.com,United Kingdom,2024-08-29
1702,Olivia,Miller,olivia.miller.1702@example.com,United Kingdom,2025-08-19
1703,Michael,Smith,michael.smith.1703@example.com,Netherlands,2025-04-25
1704,Alex,Moore,alex.moore.1704@example.com,Switzerland,2024-08-05
1705,Daniel,Johnson,daniel.johnson.1705@example.com,France,2024-04-07
1706,Sarah,Miller,sarah.miller.1706@example.com,Netherlands,2024-08-28
1707,Sarah,Smith,sarah.smith.1707@example.com,Switzerland,2024-09-16
1708,Lucas,Wilson,lucas.wilson.1708@example.com,Spain,2025-11-18
1709,Claire,Smith,claire.smith.1709@example.com,Belgium,2025-08-17
1710,Sophie,Anderson,sophie.anderson.1710@example.com,United Kingdom,2025-05-19
1711,David,Johnson,david.johnson.1711@example.com,Switzerland,2024-11-20
1712,David,Williams,david.williams.1712@example.com,France,2024-04-29
1713,David,Taylor,david.taylor.1713@example.com,Netherlands,2026-05-04
1714,Marie,Williams,marie.williams.1714@example.com,Belgium,2024-09-26
1715,Nicolas,Miller,nicolas.miller.1715@example.com,Netherlands,2025-03-22
1716,Laura,White,laura.white.1716@example.com,United Kingdom,2024-06-03
1717,Sarah,Martin,sarah.martin.1717@example.com,Italy,2024-06-01
1718,Sophie,Smith,sophie.smith.1718@example.com,Spain,2025-04-26
1719,Paul,Wilson,paul.wilson.1719@example.com,France,2024-04-28
1720,Paul,Miller,paul.miller.1720@example.com,United Kingdom,2025-12-27
1721,Paul,Taylor,paul.taylor.1721@example.com,Germany,2024-04-25
1722,Anna,Johnson,anna.johnson.1722@example.com,Spain,2024-07-27
1723,Sophie,Jackson,sophie.jackson.1723@example.com,Italy,2025-06-04
1724,John,Anderson,john.anderson.1724@example.com,Spain,2026-02-24
1725,Marie,Johnson,marie.johnson.1725@example.com,Germany,2024-09-09
1726,Thomas,Smith,thomas.smith.1726@example.com,Switzerland,2024-10-18
1727,Anna,Thomas,anna.thomas.1727@example.com,Spain,2024-04-18
1728,John,Johnson,john.johnson.1728@example.com,United Kingdom,2025-04-16
1729,Daniel,Thomas,daniel.thomas.1729@example.com,Netherlands,2025-11-04
1730,Sarah,Moore,sarah.moore.1730@example.com,Netherlands,2025-09-29
1731,David,Martin,david.martin.1731@example.com,Belgium,2024-02-19
1732,Thomas,White,thomas.white.1732@example.com,Switzerland,2024-02-26
1733,Michael,Wilson,michael.wilson.1733@example.com,Italy,2024-09-18
1734,Alex,Johnson,alex.johnson.1734@example.com,Spain,2024-01-22
1735,Alex,White,alex.white.1735@example.com,Spain,2025-02-16
1736,Emma,Williams,emma.williams.1736@example.com,Belgium,2025-05-17
1737,David,Miller,david.miller.1737@example.com,Netherlands,2025-11-12
1738,Nicolas,Martin,nicolas.martin.1738@example.com,Switzerland,2025-05-16
1739,Laura,Williams,laura.williams.1739@example.com,Switzerland,2025-07-30
1740,Michael,White,michael.white.1740@example.com,Spain,2025-03-08
1741,Marie,Moore,marie.moore.1741@example.com,France,2025-03-12
1742,Nicolas,Miller,nicolas.miller.1742@example.com,Spain,2025-04-19
1743,Laura,Anderson,laura.anderson.1743@example.com,Germany,2025-10-06
1744,Lucas,Taylor,lucas.taylor.1744@example.com,United Kingdom,2025-03-23
1745,Lucas,Brown,lucas.brown.1745@example.com,Italy,2024-05-10
1746,Nicolas,Wilson,nicolas.wilson.1746@example.com,France,2024-10-29
1747,Claire,Johnson,claire.johnson.1747@example.com,Germany,2024-02-16
1748,Nicolas,Wilson,nicolas.wilson.1748@example.com,United Kingdom,2025-02-26
1749,Daniel,Miller,daniel.miller.1749@example.com,Germany,2024-09-17
1750,Nicolas,Smith,nicolas.smith.1750@example.com,Spain,2024-04-26
1751,Sophie,Harris,sophie.harris.1751@example.com,Germany,2025-02-06
1752,Marie,Jackson,marie.jackson.1752@example.com,United Kingdom,2024-10-31
1753,Paul,Thomas,paul.thomas.1753@example.com,Netherlands,2026-04-07
1754,Sophie,Martin,sophie.martin.1754@example.com,Belgium,2024-07-08
1755,Emma,Wilson,emma.wilson.1755@example.com,France,2025-07-01
1756,Alex,Johnson,alex.johnson.1756@example.com,United Kingdom,2024-01-14
1757,Paul,Jackson,paul.jackson.1757@example.com,United Kingdom,2025-02-18
1758,Lucas,Thomas,lucas.thomas.1758@example.com,Netherlands,2026-04-12
1759,Alex,White,alex.white.1759@example.com,Spain,2024-11-05
1760,David,Smith,david.smith.1760@example.com,France,2024-07-14
1761,James,Harris,james.harris.1761@example.com,United Kingdom,2024-01-28
1762,David,Moore,david.moore.1762@example.com,Italy,2024-09-04
1763,Michael,Williams,michael.williams.1763@example.com,Spain,2026-02-27
1764,Laura,Wilson,laura.wilson.1764@example.com,Spain,2024-01-23
1765,David,Jackson,david.jackson.1765@example.com,United Kingdom,2025-12-20
1766,Laura,Smith,laura.smith.1766@example.com,Italy,2026-05-30
1767,James,Williams,james.williams.1767@example.com,France,2025-08-06
1768,Thomas,Smith,thomas.smith.1768@example.com,Switzerland,2024-04-15
1769,Marie,Harris,marie.harris.1769@example.com,Belgium,2025-05-22
1770,Sarah,Taylor,sarah.taylor.1770@example.com,United Kingdom,2025-02-13
1771,Olivia,Jackson,olivia.jackson.1771@example.com,France,2024-03-03
1772,Marie,Thomas,marie.thomas.1772@example.com,Germany,2024-11-19
1773,Daniel,Moore,daniel.moore.1773@example.com,Germany,2025-03-03
1774,Laura,Thomas,laura.thomas.1774@example.com,United Kingdom,2025-10-23
1775,Marie,Smith,marie.smith.1775@example.com,Italy,2024-06-14
1776,Laura,Miller,laura.miller.1776@example.com,Italy,2025-03-24
1777,Thomas,Thomas,thomas.thomas.1777@example.com,United Kingdom,2026-05-23
1778,David,Williams,david.williams.1778@example.com,Switzerland,2026-01-10
1779,Anna,White,anna.white.1779@example.com,Italy,2025-04-28
1780,Lucas,Jackson,lucas.jackson.1780@example.com,United Kingdom,2026-02-06
1781,David,Brown,david.brown.1781@example.com,United Kingdom,2024-07-23
1782,Emma,White,emma.white.1782@example.com,Belgium,2025-03-01
1783,Olivia,Martin,olivia.martin.1783@example.com,France,2025-07-24
1784,Anna,Williams,anna.williams.1784@example.com,Spain,2024-12-31
1785,Nicolas,Smith,nicolas.smith.1785@example.com,Netherlands,2026-04-06
1786,Marie,Johnson,marie.johnson.1786@example.com,Germany,2025-09-24
1787,Claire,Martin,claire.martin.1787@example.com,Netherlands,2025-05-13
1788,Anna,White,anna.white.1788@example.com,Belgium,2024-02-17
1789,David,Harris,david.harris.1789@example.com,Germany,2025-12-07
1790,Sarah,Taylor,sarah.taylor.1790@example.com,Germany,2026-03-29
1791,Emma,White,emma.white.1791@example.com,Germany,2025-09-17
1792,Claire,Smith,claire.smith.1792@example.com,Spain,2025-06-03
1793,Emma,Harris,emma.harris.1793@example.com,Spain,2024-07-29
1794,Lucas,Jackson,lucas.jackson.1794@example.com,United Kingdom,2025-03-28
1795,Emma,Brown,emma.brown.1795@example.com,Netherlands,2025-10-24
1796,David,Johnson,david.johnson.1796@example.com,United Kingdom,2026-05-18
1797,Marie,White,marie.white.1797@example.com,Italy,2026-02-26
1798,Laura,Miller,laura.miller.1798@example.com,Spain,2024-10-20
1799,Michael,Williams,michael.williams.1799@example.com,Netherlands,2025-01-16
1800,Olivia,Brown,olivia.brown.1800@example.com,Switzerland,2026-02-10
1801,Olivia,Brown,olivia.brown.1801@example.com,Switzerland,2026-04-01
1802,Marie,Taylor,marie.taylor.1802@example.com,Netherlands,2026-05-22
1803,John,Taylor,john.taylor.1803@example.com,Germany,2024-05-29
1804,Michael,Miller,michael.miller.1804@example.com,Spain,2024-11-18
1805,Marie,Smith,marie.smith.1805@example.com,Spain,2025-02-06
1806,Sarah,Moore,sarah.moore.1806@example.com,Belgium,2025-12-31
1807,Marie,Wilson,marie.wilson.1807@example.com,Belgium,2025-11-28
1808,Thomas,Miller,thomas.miller.1808@example.com,Spain,2024-01-09
1809,Alex,Taylor,alex.taylor.1809@example.com,United Kingdom,2025-10-21
1810,Anna,White,anna.white.1810@example.com,Switzerland,2026-03-11
1811,James,Williams,james.williams.1811@example.com,Netherlands,2024-03-27
1812,Alex,Jackson,alex.jackson.1812@example.com,Belgium,2026-01-06
1813,James,Johnson,james.johnson.1813@example.com,Belgium,2025-06-07
1814,Nicolas,Miller,nicolas.miller.1814@example.com,Spain,2026-02-14
1815,John,Smith,john.smith.1815@example.com,Belgium,2026-03-26
1816,Olivia,Harris,olivia.harris.1816@example.com,Switzerland,2026-03-03
1817,Nicolas,Johnson,nicolas.johnson.1817@example.com,Netherlands,2026-01-19
1818,Daniel,Moore,daniel.moore.1818@example.com,Germany,2025-06-03
1819,Sarah,White,sarah.white.1819@example.com,United Kingdom,2025-10-28
1820,Lucas,Thomas,lucas.thomas.1820@example.com,United Kingdom,2026-01-24
1821,Thomas,Martin,thomas.martin.1821@example.com,Italy,2026-04-04
1822,Anna,Williams,anna.williams.1822@example.com,Spain,2024-10-18
1823,Alex,Anderson,alex.anderson.1823@example.com,Germany,2026-01-25
1824,Thomas,Anderson,thomas.anderson.1824@example.com,Netherlands,2025-08-19
1825,Paul,Johnson,paul.johnson.1825@example.com,Switzerland,2024-05-30
1826,Michael,Johnson,michael.johnson.1826@example.com,Spain,2024-03-04
1827,Laura,Martin,laura.martin.1827@example.com,Netherlands,2025-04-01
1828,Nicolas,Wilson,nicolas.wilson.1828@example.com,Switzerland,2025-08-25
1829,Daniel,Thomas,daniel.thomas.1829@example.com,Switzerland,2025-05-25
1830,Paul,Jackson,paul.jackson.1830@example.com,Spain,2025-05-16
1831,David,Anderson,david.anderson.1831@example.com,United Kingdom,2024-05-10
1832,David,Jackson,david.jackson.1832@example.com,Germany,2025-06-09
1833,James,Taylor,james.taylor.1833@example.com,Spain,2025-04-29
1834,Claire,Miller,claire.miller.1834@example.com,Switzerland,2024-05-01
1835,Emma,Johnson,emma.johnson.1835@example.com,Belgium,2025-01-13
1836,Sarah,Anderson,sarah.anderson.1836@example.com,Netherlands,2024-06-05
1837,Lucas,Miller,lucas.miller.1837@example.com,United Kingdom,2024-11-06
1838,John,White,john.white.1838@example.com,Switzerland,2024-05-26
1839,Sarah,Williams,sarah.williams.1839@example.com,Spain,2024-10-17
1840,Laura,Smith,laura.smith.1840@example.com,Netherlands,2024-05-05
1841,Michael,Harris,michael.harris.1841@example.com,United Kingdom,2024-02-15
1842,Lucas,Thomas,lucas.thomas.1842@example.com,Switzerland,2025-04-08
1843,Laura,Harris,laura.harris.1843@example.com,Spain,2026-01-07
1844,David,Anderson,david.anderson.1844@example.com,United Kingdom,2025-10-13
1845,Paul,Brown,paul.brown.1845@example.com,Germany,2026-01-15
1846,Marie,Wilson,marie.wilson.1846@example.com,Netherlands,2024-08-26
1847,Claire,Smith,claire.smith.1847@example.com,Belgium,2025-11-17
1848,Michael,Harris,michael.harris.1848@example.com,Belgium,2024-06-18
1849,Claire,Moore,claire.moore.1849@example.com,Germany,2024-05-06
1850,James,Thomas,james.thomas.1850@example.com,France,2025-07-08
1851,Nicolas,Martin,nicolas.martin.1851@example.com,France,2026-02-07
1852,Emma,Moore,emma.moore.1852@example.com,France,2025-06-28
1853,Daniel,White,daniel.white.1853@example.com,United Kingdom,2024-07-29
1854,Michael,White,michael.white.1854@example.com,Netherlands,2025-06-30
1855,Alex,Thomas,alex.thomas.1855@example.com,France,2024-02-16
1856,Thomas,Wilson,thomas.wilson.1856@example.com,France,2024-07-03
1857,Nicolas,Miller,nicolas.miller.1857@example.com,Germany,2025-01-26
1858,Emma,Johnson,emma.johnson.1858@example.com,Belgium,2025-07-08
1859,David,Brown,david.brown.1859@example.com,Spain,2024-09-18
1860,Lucas,Wilson,lucas.wilson.1860@example.com,France,2025-11-25
1861,Thomas,Brown,thomas.brown.1861@example.com,Belgium,2024-01-28
1862,Alex,Johnson,alex.johnson.1862@example.com,Switzerland,2024-11-23
1863,Thomas,Williams,thomas.williams.1863@example.com,France,2025-01-19
1864,James,Martin,james.martin.1864@example.com,Italy,2026-02-09
1865,Laura,Anderson,laura.anderson.1865@example.com,Switzerland,2026-02-09
1866,Emma,Williams,emma.williams.1866@example.com,United Kingdom,2024-03-03
1867,Claire,Wilson,claire.wilson.1867@example.com,France,2024-03-08
1868,Marie,Moore,marie.moore.1868@example.com,Belgium,2024-08-27
1869,Claire,Thomas,claire.thomas.1869@example.com,Italy,2025-11-22
1870,Claire,Moore,claire.moore.1870@example.com,Belgium,2026-03-15
1871,Marie,Taylor,marie.taylor.1871@example.com,Italy,2024-03-26
1872,David,Miller,david.miller.1872@example.com,Italy,2025-07-07
1873,Claire,Wilson,claire.wilson.1873@example.com,France,2025-07-22
1874,John,Harris,john.harris.1874@example.com,Belgium,2025-04-20
1875,Sophie,Smith,sophie.smith.1875@example.com,Belgium,2024-03-02
1876,Daniel,Harris,daniel.harris.1876@example.com,Netherlands,2025-11-27
1877,James,Thomas,james.thomas.1877@example.com,Belgium,2026-05-10
1878,Sarah,Brown,sarah.brown.1878@example.com,Germany,2026-01-26
1879,Lucas,Johnson,lucas.johnson.1879@example.com,Spain,2025-02-08
1880,Claire,Williams,claire.williams.1880@example.com,Netherlands,2025-03-18
1881,Thomas,Moore,thomas.moore.1881@example.com,Belgium,2024-09-24
1882,Olivia,Moore,olivia.moore.1882@example.com,Italy,2024-11-25
1883,Paul,Thomas,paul.thomas.1883@example.com,Spain,2024-12-02
1884,John,Thomas,john.thomas.1884@example.com,France,2025-05-02
1885,Sophie,Wilson,sophie.wilson.1885@example.com,Switzerland,2025-07-23
1886,Claire,Johnson,claire.johnson.1886@example.com,Germany,2026-03-17
1887,Claire,Smith,claire.smith.1887@example.com,Germany,2026-05-02
1888,Anna,Harris,anna.harris.1888@example.com,Netherlands,2025-01-20
1889,Alex,Brown,alex.brown.1889@example.com,Germany,2026-05-09
1890,Paul,Miller,paul.miller.1890@example.com,France,2024-07-16
1891,Olivia,Jackson,olivia.jackson.1891@example.com,Netherlands,2024-01-21
1892,James,Johnson,james.johnson.1892@example.com,Belgium,2026-04-15
1893,Olivia,Martin,olivia.martin.1893@example.com,France,2025-05-20
1894,Daniel,Taylor,daniel.taylor.1894@example.com,Italy,2025-12-21
1895,John,Martin,john.martin.1895@example.com,Switzerland,2026-04-20
1896,Emma,Harris,emma.harris.1896@example.com,United Kingdom,2024-10-11
1897,Sophie,Anderson,sophie.anderson.1897@example.com,Spain,2024-07-17
1898,Michael,Thomas,michael.thomas.1898@example.com,Spain,2024-05-11
1899,Daniel,Thomas,daniel.thomas.1899@example.com,Belgium,2026-05-26
1900,James,Harris,james.harris.1900@example.com,Belgium,2025-11-25
1901,Claire,Taylor,claire.taylor.1901@example.com,France,2024-01-03
1902,Thomas,Wilson,thomas.wilson.1902@example.com,Belgium,2026-05-14
1903,Emma,Moore,emma.moore.1903@example.com,United Kingdom,2025-06-14
1904,Anna,Anderson,anna.anderson.1904@example.com,Italy,2026-02-16
1905,Sarah,Williams,sarah.williams.1905@example.com,United Kingdom,2025-03-06
1906,Thomas,Smith,thomas.smith.1906@example.com,Netherlands,2025-02-05
1907,Michael,Thomas,michael.thomas.1907@example.com,Italy,2026-04-07
1908,Marie,Johnson,marie.johnson.1908@example.com,Spain,2024-09-12
1909,Thomas,Williams,thomas.williams.1909@example.com,Germany,2024-03-05
1910,John,Taylor,john.taylor.1910@example.com,Netherlands,2025-03-18
1911,Daniel,Martin,daniel.martin.1911@example.com,Italy,2024-04-20
1912,Thomas,Harris,thomas.harris.1912@example.com,Italy,2024-02-25
1913,Michael,White,michael.white.1913@example.com,United Kingdom,2025-09-06
1914,Emma,Moore,emma.moore.1914@example.com,Germany,2025-04-02
1915,Michael,Smith,michael.smith.1915@example.com,Netherlands,2024-02-04
1916,Michael,White,michael.white.1916@example.com,United Kingdom,2024-05-10
1917,Sarah,Williams,sarah.williams.1917@example.com,Switzerland,2025-09-17
1918,Michael,Johnson,michael.johnson.1918@example.com,France,2025-11-24
1919,Lucas,Harris,lucas.harris.1919@example.com,Germany,2025-01-25
1920,Marie,Martin,marie.martin.1920@example.com,France,2025-09-05
1921,Paul,Wilson,paul.wilson.1921@example.com,Germany,2025-04-20
1922,Thomas,Moore,thomas.moore.1922@example.com,United Kingdom,2025-11-22
1923,Nicolas,Miller,nicolas.miller.1923@example.com,Germany,2025-08-24
1924,Emma,Smith,emma.smith.1924@example.com,Italy,2025-09-01
1925,David,Moore,david.moore.1925@example.com,Netherlands,2025-06-05
1926,Marie,Taylor,marie.taylor.1926@example.com,United Kingdom,2026-01-12
1927,Sophie,Martin,sophie.martin.1927@example.com,France,2024-05-20
1928,David,Williams,david.williams.1928@example.com,Netherlands,2025-08-21
1929,Lucas,Thomas,lucas.thomas.1929@example.com,Spain,2025-07-08
1930,Laura,Williams,laura.williams.1930@example.com,Belgium,2025-09-09
1931,Anna,Smith,anna.smith.1931@example.com,Spain,2025-06-14
1932,Sarah,Martin,sarah.martin.1932@example.com,France,2025-06-03
1933,Marie,Miller,marie.miller.1933@example.com,Italy,2024-07-19
1934,Michael,Miller,michael.miller.1934@example.com,United Kingdom,2024-07-12
1935,Thomas,Harris,thomas.harris.1935@example.com,Netherlands,2025-08-15
1936,Lucas,Wilson,lucas.wilson.1936@example.com,Germany,2024-12-02
1937,Paul,White,paul.white.1937@example.com,Italy,2024-02-13
1938,John,Moore,john.moore.1938@example.com,United Kingdom,2024-08-16
1939,James,Martin,james.martin.1939@example.com,Switzerland,2025-05-07
1940,James,Wilson,james.wilson.1940@example.com,Netherlands,2024-07-07
1941,John,Johnson,john.johnson.1941@example.com,Germany,2025-01-01
1942,David,Williams,david.williams.1942@example.com,Netherlands,2025-03-26
1943,Sarah,Smith,sarah.smith.1943@example.com,Belgium,2024-07-22
1944,Sophie,Martin,sophie.martin.1944@example.com,Netherlands,2024-09-25
1945,Claire,Martin,claire.martin.1945@example.com,France,2024-07-01
1946,Sophie,Harris,sophie.harris.1946@example.com,France,2024-09-25
1947,David,Wilson,david.wilson.1947@example.com,Netherlands,2025-11-01
1948,James,Williams,james.williams.1948@example.com,Netherlands,2025-04-12
1949,Anna,Moore,anna.moore.1949@example.com,Switzerland,2024-06-24
1950,Michael,Johnson,michael.johnson.1950@example.com,Italy,2024-05-27
1951,James,Anderson,james.anderson.1951@example.com,Netherlands,2025-01-22
1952,Marie,Moore,marie.moore.1952@example.com,Italy,2024-09-07
1953,Claire,Williams,claire.williams.1953@example.com,Netherlands,2026-03-19
1954,Olivia,Smith,olivia.smith.1954@example.com,Spain,2025-10-06
1955,Nicolas,Thomas,nicolas.thomas.1955@example.com,Germany,2025-05-15
1956,Laura,White,laura.white.1956@example.com,Germany,2025-11-10
1957,Sophie,Anderson,sophie.anderson.1957@example.com,Netherlands,2025-02-01
1958,Laura,Anderson,laura.anderson.1958@example.com,Netherlands,2025-04-20
1959,Anna,Anderson,anna.anderson.1959@example.com,United Kingdom,2025-12-12
1960,Laura,Williams,laura.williams.1960@example.com,France,2025-08-18
1961,James,Martin,james.martin.1961@example.com,Italy,2024-07-26
1962,Alex,Martin,alex.martin.1962@example.com,Switzerland,2024-11-09
1963,Sophie,Harris,sophie.harris.1963@example.com,Germany,2025-01-18
1964,David,White,david.white.1964@example.com,United Kingdom,2024-03-27
1965,Nicolas,Miller,nicolas.miller.1965@example.com,France,2024-08-23
1966,Paul,Anderson,paul.anderson.1966@example.com,Switzerland,2025-09-28
1967,Paul,Taylor,paul.taylor.1967@example.com,Netherlands,2025-03-18
1968,Laura,Miller,laura.miller.1968@example.com,France,2024-10-06
1969,Sophie,Taylor,sophie.taylor.1969@example.com,Germany,2024-08-27
1970,Anna,Johnson,anna.johnson.1970@example.com,Germany,2024-10-28
1971,Daniel,Martin,daniel.martin.1971@example.com,Germany,2024-04-10
1972,Anna,Smith,anna.smith.1972@example.com,Netherlands,2025-07-13
1973,James,Moore,james.moore.1973@example.com,Belgium,2024-12-03
1974,Daniel,Martin,daniel.martin.1974@example.com,Spain,2025-12-23
1975,Claire,Williams,claire.williams.1975@example.com,Belgium,2024-01-09
1976,Anna,White,anna.white.1976@example.com,France,2025-02-17
1977,Laura,Moore,laura.moore.1977@example.com,Switzerland,2025-06-08
1978,Olivia,Martin,olivia.martin.1978@example.com,United Kingdom,2026-01-10
1979,Olivia,Anderson,olivia.anderson.1979@example.com,United Kingdom,2025-08-24
1980,Paul,Miller,paul.miller.1980@example.com,Netherlands,2026-03-21
1981,James,Wilson,james.wilson.1981@example.com,Italy,2026-02-27
1982,Paul,Taylor,paul.taylor.1982@example.com,France,2026-05-23
1983,Anna,Brown,anna.brown.1983@example.com,Belgium,2025-08-14
1984,John,Taylor,john.taylor.1984@example.com,Netherlands,2026-04-09
1985,Thomas,Martin,thomas.martin.1985@example.com,Switzerland,2025-03-05
1986,Claire,Williams,claire.williams.1986@example.com,France,2024-11-29
1987,Sarah,Brown,sarah.brown.1987@example.com,Switzerland,2024-06-06
1988,Alex,Martin,alex.martin.1988@example.com,Switzerland,2025-02-04
1989,James,Taylor,james.taylor.1989@example.com,United Kingdom,2024-04-21
1990,Lucas,Johnson,lucas.johnson.1990@example.com,Spain,2024-06-24
1991,Sarah,Harris,sarah.harris.1991@example.com,United Kingdom,2025-12-06
1992,John,Brown,john.brown.1992@example.com,Switzerland,2024-07-22
1993,Lucas,Martin,lucas.martin.1993@example.com,Germany,2024-08-26
1994,Paul,Smith,paul.smith.1994@example.com,France,2025-01-12
1995,Sophie,Miller,sophie.miller.1995@example.com,Switzerland,2026-05-30
1996,Sophie,Johnson,sophie.johnson.1996@example.com,Switzerland,2024-05-12
1997,Laura,Jackson,laura.jackson.1997@example.com,Italy,2024-03-11
1998,David,Harris,david.harris.1998@example.com,Switzerland,2024-07-29
1999,Laura,Brown,laura.brown.1999@example.com,Belgium,2025-09-10
2000,James,Anderson,james.anderson.2000@example.com,Belgium,2026-01-03
